1-800 FLOWERS COM FLWS,FLWS,1,
1ST SOURCE CORP SRCE,SRCE,1,
21ST CENTURY FOX CL A FOXA,FOXA,1,
21ST CENTURY FOX CL B FOX,FOX,1,
2U INC TWOU,TWOU,1,
3D SYSTEMS CORP DDD,DDD,1,
3M CO MMM,MMM,1,
6D GLOBAL TECHNOLOGIES SIXD,SIXD,0,
8X8 INC NEW EGHT,EGHT,1,
A V HOMES INC AVHI,AVHI,1,
A10 NETWORKS INC ATEN,ATEN,1,
AAC HOLDINGS INC AAC,AAC,1,
AAON INC AAON,AAON,1,
AAR CORP AIR,AIR,1,
AARONS INC AAN,AAN,1,
ABAXIS INC ABAX,ABAX,1,
ABBOTT LABORATORIES ABT,ABT,1,
ABBVIE INC ABBV,ABBV,1,
ABENGOA YIELD PLC ABY,ABY,1,
ABEONA THERAPEUTICS INC ABEO,ABEO,1,
ABERCROMBIE & FITCH ANF,ANF,1,
ABIOMED INC ABMD,ABMD,1,
ABM INDUSTRIES INC ABM,ABM,1,
ABRAXAS PETE CORP AXAS,AXAS,1,
ACACIA RESEARCH CORP ACTG,ACTG,1,
ACADIA HEALTHCARE CO ACHC,ACHC,1,
ACADIA PHARMACEUTICALS ACAD,ACAD,1,
ACADIA REALTY TRUST AKR,AKR,1,
ACCELERATE DIAGNOSTICS AXDX,AXDX,1,
ACCELERON PHARMA INC XLRN,XLRN,1,
ACCENTURE PLC IRELAND ACN,ACN,1,
ACCESS NATL CORP ANCX,ANCX,1,
ACCO BRANDS CORP ACCO,ACCO,1,
ACCURAY INC ARAY,ARAY,1,
ACCURIDE CORP ACW,ACW,1,
ACE LTD ACE,ACE,0,merged with CB
ACETO CORP ACET,ACET,1,
ACHILLION PHARM ACHN,ACHN,1,
ACI WORLDWIDE INC ACIW,ACIW,1,
ACORDA THERAPEUTICS INC ACOR,ACOR,1,
ACTIVISION BLIZZARD INC ATVI,ATVI,1,
ACTUA CORPORATION ACTA,ACTA,1,
ACTUANT CORP ATU,ATU,1,
ACUITY BRANDS INC AYI,AYI,1,
ACXIOM CORP ACXM,ACXM,1,
ADAMAS PHARMACEUTICALS ADMS,ADMS,1,
ADAMS RESOURCES & ENERG AE,AE,1,
ADDUS HOMECARE CORP ADUS,ADUS,1,
ADEPTUS HEALTH INC ADPT,ADPT,1,
ADOBE SYSTEMS INC ADBE,ADBE,1,
ADT CORPORATION ADT,ADT,1,
ADTRAN INC ADTN,ADTN,1,
ADURO BIOTECH INC ADRO,ADRO,1,
ADVANCE AUTO PARTS INC AAP,AAP,1,
ADVANCED DRAINAGE SYSTE WMS,WMS,1,
ADVANCED ENERGY INDS IN AEIS,AEIS,1,
ADVANCED MICRO DEVICES AMD,AMD,1,
ADVAXIS INC ADXS,ADXS,1,
ADVENT SOFTWARE INC ADVS,ADVS,0,acquired
ADVISORY BOARD CO ABCO,ABCO,1,
AECOM ACM,ACM,1,
AEGERION PHARM INC AEGR,AEGR,1,
AEGION CORP AEGN,AEGN,1,
AEP INDUSTRIES INC AEPI,AEPI,1,
AERIE PHARMACEUTICALS AERI,AERI,1,
AEROHIVE NETWORKS INC HIVE,HIVE,1,
AEROJET ROCKETDYNE HLDG AJRD,AJRD,1,
AEROVIRONMENT INC AVAV,AVAV,1,
AES CORP AES,AES,1,
AETNA INC AET,AET,1,
AFFILIATED MANAGERS GRP AMG,AMG,1,
AFFIMED NV AFMD,AFMD,1,
AFFYMETRIX INC AFFX,AFFX,1,
AFLAC INC AFL,AFL,1,
AG MORTGAGE INVT TR INC MITT,MITT,1,
AGCO CORP AGCO,AGCO,1,
AGENUS INC AGEN,AGEN,1,
AGILE THERAPEUTICS INC AGRX,AGRX,1,
AGILENT TECHNOLOGIES IN A,A,1,
AGILYSYS INC AGYS,AGYS,1,
AGIOS PHARMACEUTICALS AGIO,AGIO,1,
AGL RESOURCES INC GAS,GAS,1,
AGREE REALTY CORP ADC,ADC,1,
AIR LEASE CORP AL,AL,1,
AIR METHODS CORP AIRM,AIRM,1,
AIR PRODS & CHEMS INC APD,APD,1,
AIR TRANSPORT SERVICES ATSG,ATSG,1,
AIRCASTLE LTD AYR,AYR,1,
AIRGAS INC ARG,ARG,1,
AK STEEL HOLDING CORP AKS,AKS,1,
AKAMAI TECHNOLOGIES AKAM,AKAM,1,
AKEBIA THERAPEUTICS INC AKBA,AKBA,1,
AKORN INC AKRX,AKRX,1,
ALAMO GROUP INC ALG,ALG,1,
ALASKA AIR GROUP INC ALK,ALK,1,
ALBANY INTERNATIONAL AIN,AIN,1,
ALBANY MOLECULAR RESRCH AMRI,AMRI,1,
ALBEMARLE CORP ALB,ALB,1,
ALCOA INC AA,AA,1,
ALDER BIOPHARMACEUTICAL ALDR,ALDR,1,
ALERE INC ALR,ALR,1,
ALEXANDER & BALDWIN INC ALEX,ALEX,1,
ALEXANDERS INC ALX,ALX,1,
ALEXANDRIA REAL ESTATE ARE,ARE,1,
ALEXION PHARMACEUTICALS ALXN,ALXN,1,
ALICO INC ALCO,ALCO,1,
ALIGN TECHNOLOGY INC ALGN,ALGN,1,
ALIMERA SCIENCES INC ALIM,ALIM,1,
ALKERMES PLC ALKS,ALKS,1,
ALLEGHANY CORP Y,Y,1,
ALLEGHENY TECHNOLOGIES ATI,ATI,1,
ALLEGIANT TRAVEL CO ALGT,ALGT,1,
ALLEGION PLC ALLE,ALLE,1,
ALLERGAN PLC AGN,AGN,1,
ALLETE INC ALE,ALE,1,
ALLIANCE DATA SYSTEMS ADS,ADS,1,
ALLIANCE FIBER OPTIC AFOP,AFOP,1,
ALLIANCE HEALTHCARE SVC AIQ,AIQ,1,
ALLIANT ENERGY CORP LNT,LNT,1,
ALLIED MOTION TECH AMOT,AMOT,1,
ALLIED WRLD ASSUR COM AWH,AWH,1,
ALLISON TRANSMISSION ALSN,ALSN,1,
ALLSCRIPTS HEALTHCARE MDRX,MDRX,1,
ALLSTATE CORP ALL,ALL,1,
ALLY FINL INC ALLY,ALLY,1,
ALMOST FAMILY INC AFAM,AFAM,1,
ALNYLAM PHARMACEUTICALS ALNY,ALNY,1,
ALON USA ENERGY INC ALJ,ALJ,1,
ALPHA & OMEGA SEMICON AOSL,AOSL,1,
ALTERA CORP ALTR,ALTR,0,acquired
ALTISOURCE ASSET MGMT AAMC,AAMC,1,
ALTISOURCE PORTFOLIO ASPS,ASPS,1,
ALTISOURCE RESIDENTIAL RESI,RESI,1,
ALTRA INDUSTRIAL MOTION AIMC,AIMC,1,
ALTRIA GROUP INC MO,MO,1,
AMAG PHARMACEUTICALS IN AMAG,AMAG,1,
AMAZON COM INC AMZN,AMZN,1,
AMBAC FINL GROUP INC AMBC,AMBC,1,
AMBARELLA INC AMBA,AMBA,1,
AMBER RD INC AMBR,AMBR,1,
AMC ENTERTAINMENT AMC,AMC,1,
AMC NETWORKS INC AMCX,AMCX,1,
AMDOCS LTD DOX,DOX,1,
AMEDISYS INC AMED,AMED,1,
AMER PUBLIC EDUCATION APEI,APEI,1,
AMERCO UHAL,UHAL,1,
AMEREN CORP AEE,AEE,1,
AMERESCO INC AMRC,AMRC,1,
AMERICAN AIRLINES GROUP AAL,AAL,1,
AMERICAN ASSETS TRST IN AAT,AAT,1,
AMERICAN AXLE & MFG AXL,AXL,1,
AMERICAN CAMPUS COMMUN ACC,ACC,1,
AMERICAN CAP MTG INVT MTGE,MTGE,1,
AMERICAN CAPITAL AGENCY AGNC,AGNC,1,
AMERICAN EAGLE OUTFITTE AEO,AEO,1,
AMERICAN ELECTRIC POWER AEP,AEP,1,
AMERICAN EQUITY INVST AEL,AEL,1,
AMERICAN EXPRESS CO AXP,AXP,1,
AMERICAN FINANCIAL GROU AFG,AFG,1,
AMERICAN HOMES 4 RENT AMH,AMH,1,
AMERICAN INTL GROUP AIG,AIG,1,
AMERICAN NATIONAL INS C ANAT,ANAT,1,
AMERICAN NATL BANKSHARE AMNB,AMNB,1,
AMERICAN RAILCAR IND ARII,ARII,1,
AMERICAN REALTY CAPITAL ARCP,VER,1,name changed
AMERICAN RESIDENTIAL PP ARPI,ARPI,1,
AMERICAN SCIENCE & ENGR ASEI,ASEI,1,
AMERICAN SOFTWARE INC AMSWA,AMSWA,1,
AMERICAN STATES WATER C AWR,AWR,1,
AMERICAN TOWER CORP AMT,AMT,1,
AMERICAN VANGUARD CORP AVD,AVD,1,
AMERICAN WOODMARK CORP AMWD,AMWD,1,
AMERICAN WTR WKS CO INC AWK,AWK,1,
AMERICAS CAR-MART INC CRMT,CRMT,1,
AMERIPRISE FINANCIAL IN AMP,AMP,1,
AMERIS BANCORP ABCB,ABCB,1,
AMERISAFE INC AMSF,AMSF,1,
AMERISOURCEBERGEN CORP ABC,ABC,1,
AMES NATL CORP ATLO,ATLO,1,
AMETEK INC AME,AME,1,
AMGEN INC AMGN,AMGN,1,
AMICUS THERAPEUTICS INC FOLD,FOLD,1,
AMKOR TECHNOLOGY INC AMKR,AMKR,1,
AMN HEALTHCARE SERVICES AHS,AHS,1,
AMPHASTAR PHARMA INC AMPH,AMPH,1,
AMPHENOL CORP APH,APH,1,
AMSURG CORP AMSG,AMSG,1,
AMTRUST FINL SVCS AFSI,AFSI,1,
ANACOR PHARM INC ANAC,ANAC,1,
ANADARKO PETROLEUM CORP APC,APC,1,
ANALOG DEVICES INC ADI,ADI,1,
ANALOGIC CORP ALOG,ALOG,1,
ANCHOR BANCORP WISCONSI ABCW,ABCW,1,
ANDERSONS INC ANDE,ANDE,1,
ANGIES LIST INC ANGI,ANGI,1,
ANGIODYNAMICS INC ANGO,ANGO,1,
ANI PHARMACEUTICALS INC ANIP,ANIP,1,
ANIKA THERAPEUTICS INC ANIK,ANIK,1,
ANIXTER INTERNATIONAL AXE,AXE,1,
ANN INC ANN,ANN,0,acquired
ANNALY CAPITAL MGMT INC NLY,NLY,1,
ANSYS INC ANSS,ANSS,1,
ANTARES PHARMA INC ATRS,ATRS,1,
ANTERO RESOURCES CO AR,AR,1,
ANTHEM INC ANTM,ANTM,1,
ANTHERA PHARMACEUTICALS ANTH,ANTH,1,
ANWORTH MORTGAGE ASSET ANH,ANH,1,
AON PLC AON,AON,1,
APACHE CORP APA,APA,1,
APARTMENT INVT & MGMT AIV,AIV,1,
APIGEE CORP APIC,APIC,1,
APOGEE ENTERPRISES INC APOG,APOG,1,
APOLLO COMMERCIAL RE ARI,ARI,1,
APOLLO EDUCATION GROUP APOL,APOL,1,
APOLLO RESIDENTIAL MTG AMTG,AMTG,1,
APPLE HOSPITALITY REIT APLE,APLE,1,
APPLE INC AAPL,AAPL,1,
APPLIED GENETIC TECH AGTC,AGTC,1,
APPLIED INDUSTRIAL TECH AIT,AIT,1,
APPLIED MATLS INC AMAT,AMAT,1,
APPLIED MICRO CIRCUITS AMCC,AMCC,1,
APPLIED OPTOELECTRONICS AAOI,AAOI,1,
APPROACH RESOURCES INC AREX,AREX,1,
APTARGROUP INC ATR,ATR,1,
AQUA AMERICA INC WTR,WTR,1,
ARAMARK ARMK,ARMK,1,
ARATANA THERAPEUTICS IN PETX,PETX,1,
ARC DOCUMENT SOLUTIONS ARC,ARC,1,
ARCADIA BIOSCIENCES INC RKDA,RKDA,1,
ARCBEST CORPORATION ARCB,ARCB,1,
ARCH CAP GROUP LTD ACGL,ACGL,1,
ARCHER DANIELS MIDLAND ADM,ADM,1,
ARCTIC CAT INC ACAT,ACAT,1,
ARDELYX INC ARDX,ARDX,1,
ARDMORE SHIPPING CORP ASC,ASC,1,
ARENA PHARMACEUTICALS ARNA,ARNA,1,
ARES COML REAL ESTATE ACRE,ACRE,1,
ARGAN INC AGX,AGX,1,
ARGO GROUP INTL AGII,AGII,1,
ARIAD PHARMACEUTICALS ARIA,ARIA,1,
ARLINGTON ASSET INVT AI,AI,1,
ARMADA HOFFLER PPTYS IN AHH,AHH,1,
ARMOUR RESIDENTIAL REIT ARR,ARR,1,
ARMSTRONG WORLD INDS IN AWI,AWI,1,
ARRAY BIOPHARMA INC ARRY,ARRY,1,
ARRIS GROUP INC ARRS,ARRS,1,
ARROW ELECTRONICS INC ARW,ARW,1,
ARROW FINANCIAL CORP AROW,AROW,1,
ARROWHEAD RESH CORP ARWR,ARWR,1,
ARTESIAN RESOURCES CORP ARTNA,ARTNA,1,
ARTISAN PARTNERS ASSET APAM,APAM,1,
ARTISTA NETWORKS INC ANET,ANET,1,
ASBURY AUTOMOTIVE GROUP ABG,ABG,1,
ASCENA RETAIL GROUP INC ASNA,ASNA,1,
ASCENT CAPITAL GROUP IN ASCMA,ASCMA,1,
ASHFORD HOSP PRIME AHP,AHP,1,
ASHFORD HOSPITALITY AHT,AHT,1,
ASHFORD INC AINC,AINC,1,
ASHLAND INC ASH,ASH,1,
ASPEN INSURANCE HOLDING AHL,AHL,1,
ASPEN TECHNOLOGY INC AZPN,AZPN,1,
ASSEMBLY BIOSCIENCES IN ASMB,ASMB,1,
ASSOCIATED BANC CORP ASB,ASB,1,
ASSOCIATED ESTATES RLTY AEC,AEC,0,acquired
ASSURANT INC AIZ,AIZ,1,
ASSURED GUARANTY LTD AGO,AGO,1,
ASTEC INDUSTRIES INC ASTE,ASTE,1,
ASTERIAS BIOTHERAPEUTIC AST,AST,1,
ASTORIA FINANCIAL CORP AF,AF,1,
ASTRONICS CORP ATRO,ATRO,1,
AT&T INC T,T,1,
ATARA BIOTHERAPEUTICS ATRA,ATRA,1,
ATHENAHEALTH INC ATHN,ATHN,1,
ATLANTIC PWR CORP AT,AT,1,
ATLANTIC TELE-NETWORK ATNI,ATNI,1,
ATLAS AIR WORLDWIDE HLD AAWW,AAWW,1,
ATLAS FINANCIAL HOLDING AFH,AFH,1,
ATMEL CORP ATML,ATML,1,
ATMOS ENERGY CORP ATO,ATO,1,
ATRICURE INC ATRC,ATRC,1,
ATRION CORP ATRI,ATRI,1,
ATWOOD OCEANICS INC ATW,ATW,1,
ATYR PHARMA INC LIFE,LIFE,1,
AUTODESK INC ADSK,ADSK,1,
AUTOMATIC DATA PROCESS ADP,ADP,1,
AUTONATION INC AN,AN,1,
AUTOZONE INC AZO,AZO,1,
AVAGO TECHNOLOGIES LTD AVGO,AVGO,1,
AVALANCHE BIOTECH INC AAVL,AAVL,1,
AVALONBAY CMNTYS INC AVB,AVB,1,
AVERY DENNISON CORP AVY,AVY,1,
AVG TECHNOLOGIES NV AVG,AVG,1,
AVID TECHNOLOGY INC AVID,AVID,1,
AVIS BUDGET GROUP INC CAR,CAR,1,
AVISTA CORP AVA,AVA,1,
AVNET INC AVT,AVT,1,
AVON PRODUCTS INC AVP,AVP,1,
AVX CORP AVX,AVX,1,
AXALTA COATING SYSTEMS AXTA,AXTA,1,
AXCELIS TECHNOLOGIES IN ACLS,ACLS,1,
AXIALL CORP AXLL,AXLL,1,
AXIS CAPITAL HOLDINGS AXS,AXS,1,
AZZ INC AZZ,AZZ,1,
B & G FOODS INC BGS,BGS,1,
BABCOCK & WILCOX COMPAN BWC,BWXT,1,changed name and spunoff BW
BABCOCK & WILCOX COMPAN BWC,BW,1,changed name and spunoff BW
BADGER METER INC BMI,BMI,1,
BAKER HUGHES INC BHI,BHI,1,
BALCHEM CORP BCPC,BCPC,1,
BALDWIN & LYONS INC BWINB,BWINB,1,
BALL CORP BLL,BLL,1,
BANC OF CALIFORNIA INC BANC,BANC,1,
BANCFIRST CORP BANF,BANF,1,
BANCO LATINOAMERICANO BLX,BLX,1,
BANCORP INC TBBK,TBBK,1,
BANCORPSOUTH INC BXS,BXS,1,
BANK MUTUAL CORP BKMU,BKMU,1,
BANK OF AMERICA CORP BAC,BAC,1,
BANK OF HAWAII CORP BOH,BOH,1,
BANK OF MARIN BANCORP BMRC,BMRC,1,
BANK OF NEW YORK MELLON BK,BK,1,
BANK OF THE OZARKS INC OZRK,OZRK,1,
BANKFINANCIAL CORP BFIN,BFIN,1,
BANKRATE INC RATE,RATE,1,
BANKUNITED INC BKU,BKU,1,
BANNER CORP BANR,BANR,1,
BAR HBR BANKSHARES BHB,BHB,1,
BARNES & NOBLE INC BKS,BKS,1,
BARNES GROUP INC B,B,1,
BARRACUDA NETWORKS INC CUDA,CUDA,1,
BARRETT BUSINESS SERVIC BBSI,BBSI,1,
BASIC ENERGY SERVICES BAS,BAS,1,
BASSETT FURNITURE INDS BSET,BSET,1,
BAXTER INTERNATIONAL IN BAX,BAX,1,
BAZAARVOICE INC BV,BV,1,
BB&T CORP BBT,BBT,1,
BBCN BANCORP INC BBCN,BBCN,1,
BBX CAPITAL CORPORATION BBX,BBX,1,
BE AEROSPACE INC BEAV,BEAV,1,
BEACON ROOFING SUPPLY BECN,BECN,1,
BEAR STATE FINL INC BSF,BSF,1,
BEAZER HOMES USA INC BZH,BZH,1,
BEBE STORES INC BEBE,BEBE,1,
BECTON DICKINSON & CO BDX,BDX,1,
BED BATH & BEYOND INC BBBY,BBBY,1,
BEL FUSE INC BELFB,BELFB,1,
BELDEN INC BDC,BDC,1,
BELLICUM PHARMACEUTICAL BLCM,BLCM,1,
BELMOND LTD BEL,BEL,1,
BEMIS INC BMS,BMS,1,
BENCHMARK ELECTRONICS BHE,BHE,1,
BENEFICIAL BANCORP INC BNCL,BNCL,1,
BENEFITFOCUS INC BNFT,BNFT,1,
BERKLEY W R CORP WRB,WRB,1,
BERKSHIRE HATHAWAY INC BRK.B,BRK-B,1,
BERKSHIRE HILLS BANCORP BHLB,BHLB,1,
BERRY PLASTICS GROUP BERY,BERY,1,
BEST BUY INC BBY,BBY,1,
BGC PARTNERS INC BGCP,BGCP,1,
BIG 5 SPORTING GOODS BGFV,BGFV,1,
BIG LOTS INC BIG,BIG,1,
BIGLARI HOLDINGS INC BH,BH,1,
BILL BARRETT CORP BBG,BBG,1,
BIOCRYST PHARMACEUTICAL BCRX,BCRX,1,
BIODELIVERY SCIENCES BDSI,BDSI,1,
BIOGEN INC BIIB,BIIB,1,
BIOMARIN PHARMACEUTICAL BMRN,BMRN,1,
BIOMED REALTY TRUST INC BMR,BMR,0,acquired
BIO-RAD LABORATORIES IN BIO,BIO,1,
BIO-REFERENCE LABS INC BRLI,BRLI,0,acquired
BIOSCRIP INC BIOS,BIOS,1,
BIOSPECIFICS TECHNO COR BSTC,BSTC,1,
BIO-TECHNE CORP TECH,TECH,1,
BIOTELEMETRY INC BEAT,BEAT,1,
BIOTIME INC BTX,BTX,1,
BJS RESTAURANTS INC BJRI,BJRI,1,
BLACK BOX CORP BBOX,BBOX,1,
BLACK DIAMOND INC BDE,BDE,1,
BLACK HILLS CORP BKH,BKH,1,
BLACK KNIGHT FINL SVCS BKFS,BKFS,1,
BLACKBAUD INC BLKB,BLKB,1,
BLACKHAWK NETWORK HLDGS HAWK,HAWK,1,
BLACKROCK INC BLK,BLK,1,
BLOCK H & R INC HRB,HRB,1,
BLOOMIN' BRANDS INC BLMN,BLMN,1,
BLOUNT INTERNATIONAL IN BLT,BLT,1,
BLUCORA INC BCOR,BCOR,1,
BLUE BIRD CORP BLBD,BLBD,1,
BLUE HILLS BANCORP INC BHBK,BHBK,1,
BLUE NILE INC NILE,NILE,1,
BLUEBIRD BIO INC BLUE,BLUE,1,
BLUEPRINT MEDICINES COR BPMC,BPMC,1,
BLUEROCK RESIDENT REIT BRG,BRG,1,
BNC BANCORP BNCN,BNCN,1,
BOB EVANS FARMS INC BOBE,BOBE,1,
BOEING CO BA,BA,1,
BOFI HLDG INC BOFI,BOFI,1,
BOINGO WIRELESS INC WIFI,WIFI,1,
BOISE CASCADE COMPANY BCC,BCC,1,
BOJANGLES INC BOJA,BOJA,1,
BOK FINANCIAL CORP BOKF,BOKF,1,
BONANZA CREEK ENER INC BCEI,BCEI,1,
BOOT BARN HOLDINGS BOOT,BOOT,1,
BOOZ ALLEN HAMILTON HLD BAH,BAH,1,
BORG WARNER INC BWA,BWA,1,
BOSTON BEER INC SAM,SAM,1,
BOSTON PRIVATE FINANCIA BPFH,BPFH,1,
BOSTON PROPERTIES INC BXP,BXP,1,
BOSTON SCIENTIFIC CO BSX,BSX,1,
BOTTOMLINE TECHNOLOGIES EPAY,EPAY,1,
BOULDER BRANDS INC BDBD,BDBD,0,acquired
BOX INC BOX,BOX,1,
BOYD GAMING CORP BYD,BYD,1,
BRADY CORP BRC,BRC,1,
BRANDYWINE REALTY TRUST BDN,BDN,1,
BRAVO BRIO RESTAURANT G BBRG,BBRG,1,
BRIDGE BANCORP INC BDGE,BDGE,1,
BRIDGE CAPITAL HOLDINGS BBNK,BBNK,0,acquired
BRIDGEPOINT ED INC BPI,BPI,1,
BRIGGS & STRATTON CO BGG,BGG,1,
BRIGHT HORIZON FAMILY BFAM,BFAM,1,
BRIGHTCOVE INC BCOV,BCOV,1,
BRINKER INTERNATIONAL EAT,EAT,1,
BRINKS CO BCO,BCO,1,
BRISTOL MYERS SQUIBB BMY,BMY,1,
BRISTOW GROUP INC BRS,BRS,1,
BRIXMOR PROPERTY GROUP BRX,BRX,1,
BROADCOM CORP BRCM,BRCM,1,
BROADRIDGE FINANCIAL IN BR,BR,1,
BROADSOFT INC BSFT,BSFT,1,
BROCADE COMMUNICATIONS BRCD,BRCD,1,
BROOKDALE SENIOR LIVING BKD,BKD,1,
BROOKLINE BANCORP INC BRKL,BRKL,1,
BROOKS AUTOMATION INC BRKS,BRKS,1,
BROWN & BROWN INC BRO,BRO,1,
BROWN FORMAN CORP CL A BF.A,BF-A,1,
BROWN FORMAN CORP CL B BF.B,BF-B,1,
BRUKER CORP BRKR,BRKR,1,
BRUNSWICK CORP BC,BC,1,
BRYN MAWR BANK CORP BMTC,BMTC,1,
BSB BANCORP INC MD BLMT,BLMT,1,
BUCKLE INC BKE,BKE,1,
BUFFALO WILD WINGS INC BWLD,BWLD,1,
BUILD A BEAR WORKSHOP BBW,BBW,1,
BUILDERS FIRSTSOURCE IN BLDR,BLDR,1,
BUNGE LIMITED BG,BG,1,
BURLINGTON STORES INC BURL,BURL,1,
C H ROBINSON WORLDWIDE CHRW,CHRW,1,
C&J ENERGY SERVICES LTD CJES,CJES,1,
C1 FINANCIAL INC BNK,BNK,1,
CA INC CA,CA,1,
CABELAS INC CAB,CAB,1,
CABLEVISION SYSTEMS COR CVC,CVC,1,
CABOT CORP CBT,CBT,1,
CABOT MICROELECTRONICS CCMP,CCMP,1,
CABOT OIL & GAS CORP COG,COG,1,
CACI INTERNATIONAL INC CACI,CACI,1,
CADENCE DESIGN SYSTEMS CDNS,CDNS,1,
CAESARS ACQUISITION CO CACQ,CACQ,1,
CAESARS ENTMT CORP CZR,CZR,1,
CAI INTERNATIONAL INC CAP,CAI,1,name changed
CAL MAINE FOODS INC CALM,CALM,1,
CALAMOS ASSET MGMT INC CLMS,CLMS,1,
CALAMP CORP CAMP,CAMP,1,
CALAVO GROWERS INC CVGW,CVGW,1,
CALERES INC CAL,CAL,1,
CALGON CARBON CORP CCC,CCC,1,
CALIFORNIA RESOURCES CRC,CRC,1,
CALIFORNIA WTR SVC GRP CWT,CWT,1,
CALITHERA BIOSCIENCES CALA,CALA,1,
CALIX INC CALX,CALX,1,
CALLAWAY GOLF CO ELY,ELY,1,
CALLIDUS SOFTWARE INC CALD,CALD,1,
CALLON PETROLEUM CO CPE,CPE,1,
CALPINE CORP CPN,CPN,1,
CAMBIUM LEARNING GRP IN ABCD,ABCD,1,
CAMBREX CORP CBM,CBM,1,
CAMDEN NATIONAL CORP CAC,CAC,1,
CAMDEN PROPERTY TRUST CPT,CPT,1,
CAMERON INTL CORP CAM,CAM,1,
CAMPBELL SOUP CO CPB,CPB,1,
CAMPUS CREST CMNTYS INC CCG,CCG,1,
CANTEL MEDICAL CORP CMN,CMN,1,
CAPELLA EDUCATION CO CPLA,CPLA,1,
CAPITAL BANK FINANCIAL CBF,CBF,1,
CAPITAL CITY BANK GROUP CCBG,CCBG,1,
CAPITAL ONE FINANCIAL COF,COF,1,
CAPITAL SENIOR LIVING CSU,CSU,1,
CAPITOL FEDERAL FINL IN CFFN,CFFN,1,
CAPSTEAD MORTGAGE CORP CMO,CMO,1,
CARA THERAPEUTICS INC CARA,CARA,1,
CARBO CERAMICS INC CRR,CRR,1,
CARBONITE INC CARB,CARB,1,
CARBYLAN THERAPEUTICS CBYL,CBYL,1,
CARDINAL FINANCIAL CORP CFNL,CFNL,1,
CARDINAL HEALTH INC CAH,CAH,1,
CARDIOVASCULAR SYS INC CSII,CSII,1,
CARDTRONICS INC CATM,CATM,1,
CARE.COM INC CRCM,CRCM,1,
CAREER EDUCATION CORP CECO,CECO,1,
CARETRUST REIT INC CTRE,CTRE,1,
CARLISLE COS INC CSL,CSL,1,
CARMAX INC KMX,KMX,1,
CARMIKE CINEMAS INC CKEC,CKEC,1,
CARNIVAL CORP CCL,CCL,1,
CARPENTER TECHNOLOGY CRS,CRS,1,
CARRIAGE SERVICES INC CSV,CSV,1,
CARRIZO OIL & GAS INC CRZO,CRZO,1,
CARROLS RESTAURANT GRP TAST,TAST,1,
CARTER INC CRI,CRI,1,
CASCADE BANCORP CACB,CACB,1,
CASCADE MICROTECH INC CSCD,CSCD,1,
CASELLA WASTE SYSTEMS CWST,CWST,1,
CASEYS GENERAL STORES CASY,CASY,1,
CASH AMERICA INTL INC CSH,CSH,1,
CASS INFORMATION SYSTEM CASS,CASS,1,
CASTLE BRANDS INC ROX,ROX,1,
CASTLIGHT HEALTH INC CSLT,CSLT,1,
CATALENT INC CTLT,CTLT,1,
CATALYST PHARMACEUTICAL CPRX,CPRX,1,
CATAMARAN CORPORATION CTRX,CTRX,0,acquired
CATCHMARK TIMBER TRUST CTT,CTT,1,
CATERPILLAR INC CAT,CAT,1,
CATHAY GENERAL BANCORP CATY,CATY,1,
CATO CORP CATO,CATO,1,
CAVCO INDUSTRIES INC CVCO,CVCO,1,
CAVIUM INC CAVM,CAVM,1,
CBIZ INC CBZ,CBZ,1,
CBL & ASSOC PPTYS INC CBL,CBL,1,
CBOE HLDGS INC CBOE,CBOE,1,
CBRE GROUP INC CBG,CBG,1,
CBS CORPORATION CBS,CBS,1,
CDI CORP CDI,CDI,1,
CDK GLOBAL INC CDK,CDK,1,
CDW CORPORATION CDW,CDW,1,
CEB INC CEB,CEB,1,
CECO ENVIRONMENTAL CORP CECE,CECE,1,
CEDAR REALTY TRUST INC CDR,CDR,1,
CELADON GROUP INC CGI,CGI,1,
CELANESE CORP CE,CE,1,
CELGENE CORP CELG,CELG,1,
CELLDEX THERAPEUTICS IN CLDX,CLDX,1,
CELLULAR BIOMEDICINE GR CBMG,CBMG,1,
CEMPRA INC CEMP,CEMP,1,
CENTENE CORP CNC,CNC,1,
CENTERPOINT ENERGY INC CNP,CNP,1,
CENTERSTATE BANKS INC CSFL,CSFL,1,
CENTRAL EUROPEAN MEDIA CETV,CETV,1,
CENTRAL GARDEN & PET CO CENTA,CENTA,1,
CENTRAL PACIFIC FINL CPF,CPF,1,
CENTURY ALUMINUM CO CENX,CENX,1,
CENTURY BANCORP INC CNBKA,CNBKA,1,
CENTURY COMMUNITIES INC CCS,CCS,1,
CENTURYLINK INC CTL,CTL,1,
CEPHEID INC CPHD,CPHD,1,
CERNER CORP CERN,CERN,1,
CERUS CORP CERS,CERS,1,
CEVA INC CEVA,CEVA,1,
CF INDUSTRIES HOLDINGS CF,CF,1,
CHAMBERS STR PPTYS CSG,CSG,0,merged with GPT
CHANNELADVISOR CORP ECOM,ECOM,1,
CHARLES RIVER LABS INTL CRL,CRL,1,
CHART INDUSTRIES INC GTLS,GTLS,1,
CHARTER COMM INC CHTR,CHTR,1,
CHARTER FINL CORP WEST CHFN,CHFN,1,
CHASE CORP CCF,CCF,1,
CHATHAM LODGING TR CLDT,CLDT,1,
CHECKPOINT SYSTEMS INC CKP,CKP,1,
CHEESECAKE FACTORY INC CAKE,CAKE,1,
CHEFS' WHAREHOUSE INC CHEF,CHEF,1,
CHEGG INC CHGG,CHGG,1,
CHEMED CORPORATION CHE,CHE,1,
CHEMICAL FINANCIAL CORP CHFC,CHFC,1,
CHEMOCENTRYX INC CCXI,CCXI,1,
CHEMTURA CORP CHMT,CHMT,1,
CHENIERE ENERGY INC LNG,LNG,1,
CHEROKEE INC CHKE,CHKE,1,
CHESAPEAKE ENERGY CORP CHK,CHK,1,
CHESAPEAKE LODGING TRUS CHSP,CHSP,1,
CHESAPEAKE UTILITIES CPK,CPK,1,
CHEVRON CORP CVX,CVX,1,
CHICAGO BRIDGE & IRON CBI,CBI,1,
CHICOS FAS INC CHS,CHS,1,
CHILDRENS PLACE INC PLCE,PLCE,1,
CHIMERA INVESTMENT CORP CIM,CIM,1,
CHIMERIX INC CMRX,CMRX,1,
CHIPOTLE MEXICAN GRILL CMG,CMG,1,
CHOICE HOTELS INTL INC CHH,CHH,1,
CHRISTOPHER & BANKS COR CBK,CBK,1,
CHUBB CORP CB,CB,1,
CHURCH & DWIGHT INC CHD,CHD,1,
CHURCHILL DOWNS INC CHDN,CHDN,1,
CHUY'S HOLDINGS INC CHUY,CHUY,1,
CIBER INC CBR,CBR,1,
CIDARA THERAPEUTICS INC CDTX,CDTX,1,
CIENA CORP CIEN,CIEN,1,
CIFC CORP CIFC,CIFC,1,
CIGNA CORP CI,CI,1,
CIMAREX ENERGY CO XEC,XEC,1,
CIMPRESS NV CMPR,CMPR,1,
CINCINNATI BELL INC CBB,CBB,1,
CINCINNATI FINANCIAL CINF,CINF,1,
CINEMARK HOLDINGS INC CNK,CNK,1,
CINTAS CORP CTAS,CTAS,1,
CIRCOR INTERNATIONAL IN CIR,CIR,1,
CIRRUS LOGIC INC CRUS,CRUS,1,
CISCO SYSTEMS INC CSCO,CSCO,1,
CIT GROUP INC CIT,CIT,1,
CITI TRENDS INC CTRN,CTRN,1,
CITIGROUP INC C,C,1,
CITIZENS & NORTHERN COR CZNC,CZNC,1,
CITIZENS FINANCIAL INC CFG,CFG,1,
CITIZENS INC CIA,CIA,1,
CITRIX SYSTEMS INC CTXS,CTXS,1,
CITY HOLDING CO CHCO,CHCO,1,
CITY NATIONAL CORP CYN,CYN,0,acquired
CIVEO CORP CVEO,CVEO,1,
CIVITAS SOLUTIONS CIVI,CIVI,1,
CLARCOR INC CLC,CLC,1,
CLEAN ENERGY FUELS CORP CLNE,CLNE,1,
CLEAN HARBORS INC CLH,CLH,1,
CLEAR CHANNEL OUTDOOR CCO,CCO,1,
CLEARFIELD INC CLFD,CLFD,1,
CLEARWATER PAPER CORP CLW,CLW,1,
CLECO CORP CNL,CNL,1,
CLIFFS NATURAL RESOURCE CLF,CLF,1,
CLIFTON BANCORP INC CSBK,CSBK,1,
CLOROX CO CLX,CLX,1,
CLOUD PEAK ENERGY INC CLD,CLD,1,
CLOVIS ONCOLOGY INC CLVS,CLVS,1,
CLUBCORP HOLDINGS MYCC,MYCC,1,
CME GROUP INC CME,CME,1,
CMS ENERGY CORP CMS,CMS,1,
CNA FINANCIAL CORP CNA,CNA,1,
CNB FINL CORP PA CCNE,CCNE,1,
CNO FINANCIAL GROUP CNO,CNO,1,
COACH INC COH,COH,1,
COBALT INTL ENERGY CIE,CIE,1,
COBIZ FINANCIAL INC COBZ,COBZ,1,
COCA COLA BOTTLING COKE,COKE,1,
COCA COLA CO KO,KO,1,
COCA COLA ENTERPRISE CCE,CCE,1,
CODE REBEL CORP CDRB,CDRB,1,
COEUR MINING INC CDE,CDE,1,
COGENT COMM HOLDINGS CCOI,CCOI,1,
COGNEX CORP CGNX,CGNX,1,
COGNIZANT TECH SOLUTION CTSH,CTSH,1,
COHEN & STEERS INC CNS,CNS,1,
COHERENT INC COHR,COHR,1,
COHERUS BIOSCIENCES CHRS,CHRS,1,
COHU INC COHU,COHU,1,
COLFAX CORP CFX,CFX,1,
COLGATE PALMOLIVE CO CL,CL,1,
COLLECTORS UNIVERSE INC CLCT,CLCT,1,
COLLEGIUM PHARMACEUTICA COLL,COLL,1,
COLONY CAPITAL INC CLNY,CLNY,1,
COLUMBIA BKG SYSTEM INC COLB,COLB,1,
COLUMBIA PPTY TR INC CXP,CXP,1,
COLUMBIA SPORTSWEAR CO COLM,COLM,1,
COLUMBUS MCKINNON CORP CMCO,CMCO,1,
COMCAST CORP CL A CMCSA,CMCSA,1,
COMCAST CORP CL C CMCSK,CMCSK,0,reclassified as CMCSA
COMERICA INC CMA,CMA,1,
COMFORT SYSTEMS USA INC FIX,FIX,1,
COMM & SALES LEASING CSAL,CSAL,1,
COMMERCE BANCSHARES INC CBSH,CBSH,1,
COMMERCIAL METALS CO CMC,CMC,1,
COMMERCIAL VEH GROUP IN CVGI,CVGI,1,
COMMSCOPE HOLDING CO COMM,COMM,1,
COMMUNITY BANK SYSTEMS CBU,CBU,1,
COMMUNITY HEALTH SYSTEM CYH,CYH,1,
COMMUNITY TRUST BANCORP CTBI,CTBI,1,
COMMUNITYONE BANCORP COB,COB,1,
COMMVAULT SYSTEMS INC CVLT,CVLT,1,
COMPASS MINERALS INTL CMP,CMP,1,
COMPUTER PROGRAMS & SYS CPSI,CPSI,1,
COMPUTER SCIENCES CORP CSC,CSC,1,
COMSCORE INC SCOR,SCOR,1,
COMTECH TELECOMM CMTL,CMTL,1,
COMVERSE INC CNSI,MESG,1,renamed
CONAGRA FOODS INC CAG,CAG,1,
CONCERT PHARMACEUTICALS CNCE,CNCE,1,
CONCHO RESOURCES INC CXO,CXO,1,
CONMED CORP CNMD,CNMD,1,
CONNECTICUT WATER SVC CTWS,CTWS,1,
CONNECTONE BANCORP INC CNOB,CNOB,1,
CONNECTURE INC CNXR,CNXR,1,
CONNS INC CONN,CONN,1,
CONOCOPHILLIPS COP,COP,1,
CONSOL ENERGY INC CNX,CNX,1,
CONSOLIDATED COMM CNSL,CNSL,1,
CONSOLIDATED EDISON INC ED,ED,1,
CONSOLIDATED TOMOKA LAN CTO,CTO,1,
CONSOLIDATED WATER CO CWCO,CWCO,1,
CONSTANT CONTACT INC CTCT,CTCT,1,
CONSTELLATION BRANDS STZ,STZ,1,
CONTANGO OIL & GAS CO MCF,MCF,1,
CONTINENTAL BLDG PRODS CBPX,CBPX,1,
CONTINENTAL RESOURCES CLR,CLR,1,
CONTROL4 CORPORATION CTRL,CTRL,1,
CONVERGYS CORP CVG,CVG,1,
CON-WAY INC CNW,CNW,0,acquired
COOPER COMPANIES INC COO,COO,1,
COOPER STD HLDGS INC CPS,CPS,1,
COOPER TIRE & RUBBER CO CTB,CTB,1,
COPA HOLDINGS SA CPA,CPA,1,
COPART INC CPRT,CPRT,1,
CORCEPT THERAPEUTICS IN CORT,CORT,1,
CORE MARK HOLDING CO IN CORE,CORE,1,
CORE MOLDING TECHN CMT,CMT,1,
CORELOGIC INC CLGX,CLGX,1,
CORENERGY INFRASTRUCT CORR,CORR,1,
CORESITE REALTY CORP COR,COR,1,
CORINDUS VASC ROBOTICS CVRS,CVRS,1,
CORIUM INTL INC CORI,CORI,1,
CORMEDIX INC CRMD,CRMD,1,
CORNERSTONE ONDEMAND IN CSOD,CSOD,1,
CORNING INC GLW,GLW,1,
CORPORATE OFFICE PPTYS OFC,OFC,1,
CORRECTIONS CORP OF AME CXW,CXW,1,
CORVEL CORP CRVL,CRVL,1,
COSTAR GROUP INC CSGP,CSGP,1,
COSTCO WHOLESALE CORP COST,COST,1,
COTY INC COTY,COTY,1,
COUPONS COM INC COUP,QUOT,1,renamed
COUSINS PROPERTIES INC CUZ,CUZ,1,
COVANTA HOLDING CORP CVA,CVA,1,
COVENANT TRANS GRP INC CVTI,CVTI,1,
COWEN GROUP INC COWN,COWN,1,
CR BARD INC BCR,BCR,1,
CRA INTERNATIONAL INC CRAI,CRAI,1,
CRACKER BARREL STORE CBRL,CBRL,1,
CRAFT BREW ALLIANCE BREW,BREW,1,
CRANE CO CR,CR,1,
CRAWFORD & CO CRD.B,CRD-B,1,
CRAY INC CRAY,CRAY,1,
CREDIT ACCEP CORP MICH CACC,CACC,1,
CREE INC CREE,CREE,1,
CROCS INC CROX,CROX,1,
CROSS COUNTRY HEALTHCAR CCRN,CCRN,1,
CROWN CASTLE INTL CORP CCI,CCI,1,
CROWN HOLDINGS INC CCK,CCK,1,
CROWN MEDIA HOLDINGS IN CRWN,CRWN,1,
CRYOLIFE INC CRY,CRY,1,
CSG SYSTEMS INTL INC CSGS,CSGS,1,
CSS INDUSTRIES INC CSS,CSS,1,
CST BRANDS INC CST,CST,1,
CSX CORP CSX,CSX,1,
CTI BIOPHARMA CORP CTIC,CTIC,1,
CTS CORP CTS,CTS,1,
CU BANCORP CALIF CUNB,CUNB,1,
CUBESMART CUBE,CUBE,1,
CUBIC CORP CUB,CUB,1,
CULLEN FROST BANKERS CFR,CFR,1,
CULP INC CFI,CFI,1,
CUMMINS INC CMI,CMI,1,
CUMULUS MEDIA INC CMLS,CMLS,1,
CURIS INC CRIS,CRIS,1,
CURTISS WRIGHT CORP CW,CW,1,
CUSTOMERS BANCORP INC CUBI,CUBI,1,
CUTERA INC CUTR,CUTR,1,
CVB FINANCIAL CORP CVBF,CVBF,1,
CVENT INC CVT,CVT,1,
CVR ENERGY INC CVI,CVI,1,
CVS HEALTH CORPORATION CVS,CVS,1,
CYAN INC CYNI,CYNI,0,acquired
CYBERONICS INC CYBX,CYBX,0,acquired
CYNOSURE INC CYNO,CYNO,1,
CYPRESS SEMICONDUCTOR CY,CY,1,
CYRUSONE INC CONE,CONE,1,
CYS INVESTMENTS INC CYS,CYS,1,
CYTEC INDUSTRIES INC CYT,CYT,0,acquired
CYTOKINETICS INC CYTK,CYTK,1,
CYTRX CORP CYTR,CYTR,1,
D R HORTON INC DHI,DHI,1,
DAILY JOURNAL CORP DJCO,DJCO,1,
DAKTRONICS INC DAKT,DAKT,1,
DANA HOLDING CORP DAN,DAN,1,
DANAHER CORP DHR,DHR,1,
DARDEN RESTAURANTS INC DRI,DRI,1,
DARLING INGREDIENTS INC DAR,DAR,1,
DATALINK CORP DTLK,DTLK,1,
DAVE & BUSTERS ENTMT IN PLAY,PLAY,1,
DAVITA HEALTHCARE PTNRS DVA,DVA,1,
DCT INDUSTRIAL TRUST IN DCT,DCT,1,
DDR CORP DDR,DDR,1,
DEALERTRACK TECHNOLOGIE TRAK,TRAK,0,acquired
DEAN FOODS COMPANY DF,DF,1,
DECKERS OUTDOOR CORP DECK,DECK,1,
DEERE & CO DE,DE,1,
DEL FRISCOS RESTAURANT DFRG,DFRG,1,
DELEK US HLDGS INC DK,DK,1,
DELPHI AUTOMOTIVE PLC DLPH,DLPH,1,
DELTA AIR LINES INC DAL,DAL,1,
DELTIC TIMBER CORP DEL,DEL,1,
DELUXE CORP DLX,DLX,1,
DEMANDWARE INC DWRE,DWRE,1,
DENBURY RESOURCES INC DNR,DNR,1,
DENNYS CORP DENN,DENN,1,
DENTSPLY INTERNATIONAL XRAY,XRAY,1,
DEPOMED INC DEPO,DEPO,1,
DERMIRA INC DERM,DERM,1,
DESTINATION XL GRP INC DXLG,DXLG,1,
DEVON ENERGY CORP DVN,DVN,1,
DEVRY EDUCATION GROUP DV,DV,1,
DEXCOM INC DXCM,DXCM,1,
DHI GROUP INC DHX,DHX,1,
DHT HOLDINGS INC DHT,DHT,1,
DIAMOND FOODS INC DMND,DMND,1,
DIAMOND HILL INVESTMENT DHIL,DHIL,1,
DIAMOND OFFSHR DRILLING DO,DO,1,
DIAMOND RESORTS INT INC DRII,DRII,1,
DIAMONDBACK ENERGY INC FANG,FANG,1,
DIAMONDROCK HOSPITALITY DRH,DRH,1,
DICERNA PHARMACEUTICALS DRNA,DRNA,1,
DICKS SPORTING GOODS IN DKS,DKS,1,
DIEBOLD INC DBD,DBD,1,
DIGI INTL INC DGII,DGII,1,
DIGIMARC CORPORATION DMRC,DMRC,1,
DIGITAL REALTY TRUST IN DLR,DLR,1,
DIGITAL TURBINE INC APPS,APPS,1,
DIGITALGLOBE INC DGI,DGI,1,
DILLARDS INC DDS,DDS,1,
DIME CMNTY BANCSHARES DCOM,DCOM,1,
DINEEQUITY INC DIN,DIN,1,
DIODES INC DIOD,DIOD,1,
DIPLOMAT PHARMACY INC DPLO,DPLO,1,
DIRECTV DTV,DTV,0,acquired
DISCOVER FINANCIAL SRVC DFS,DFS,1,
DISCOVERY COMM CL A DISCA,DISCA,1,
DISCOVERY COMM CL C DISCK,DISCK,1,
DISH NETWORK CORP DISH,DISH,1,
DISNEY WALT CO DIS,DIS,1,
DOLBY LABORATORIES INC DLB,DLB,1,
DOLLAR GENERAL CORP DG,DG,1,
DOLLAR TREE INC DLTR,DLTR,1,
DOMINION RESOURCES INC D,D,1,
DOMINOS PIZZA INC DPZ,DPZ,1,
DOMTAR CORPORATION UFS,UFS,1,
DONALDSON INC DCI,DCI,1,
DONEGAL GROUP INC DGICA,DGICA,1,
DONNELLEY R R & SONS CO RRD,RRD,1,
DORIAN LPG LTD LPG,LPG,1,
DORMAN PRODUCTS INC DORM,DORM,1,
DOT HILL SYS CORP HILL,HILL,0,acquired
DOUGLAS DYNAMICS INC PLOW,PLOW,1,
DOUGLAS EMMETT INC DEI,DEI,1,
DOVER CORP DOV,DOV,1,
DOW CHEMICAL CO DOW,DOW,1,
DR PEPPER SNAPPLE GROUP DPS,DPS,1,
DREAMWORKS ANIMATION SK DWA,DWA,1,
DRESSER-RAND GROUP INC DRC,DRC,0,acquired
DREW INDUSTRIES INC DW,DW,1,
DRIL-QUIP INC DRQ,DRQ,1,
DSP GROUP INC DSPG,DSPG,1,
DST SYSTEMS INC DST,DST,1,
DSW INC DSW,DSW,1,
DTE ENERGY CO DTE,DTE,1,
DTS INC DTSI,DTSI,1,
DU PONT E I DE NEMOURS DD,DD,1,
DUCOMMUN INC DCO,DCO,1,
DUKE ENERGY CORP DUK,DUK,1,
DUKE REALTY CORP DRE,DRE,1,
DUN & BRADSTREET CORP DNB,DNB,1,
DUNKIN BRANDS GROUP INC DNKN,DNKN,1,
DUPONT FABROS TECHNOLOG DFT,DFT,1,
DURECT CORP DRRX,DRRX,1,
DXP ENTERPRISES INC DXPE,DXPE,1,
DYAX CORP DYAX,DYAX,0,acquired
DYCOM INDUSTRIES INC DY,DY,1,
DYNAVAX TECHNOLOGIES DVAX,DVAX,1,
DYNEGY INC DYN,DYN,1,
DYNEX CAPITAL INC DX,DX,1,
E TRADE FINANCIAL CORP ETFC,ETFC,1,
EAGLE BANCORP INC EGBN,EGBN,1,
EAGLE BULK SHIPPING INC EGLE,EGLE,1,
EAGLE MATERIALS INC EXP,EXP,1,
EAGLE PHARMACEUTICALS EGRX,EGRX,1,
EARTHLINK HOLDINGS CORP ELNK,ELNK,1,
EARTHSTONE ENERGY INC ESTE,ESTE,1,
EAST WEST BANCORP INC EWBC,EWBC,1,
EASTERLY GOVERNMENT PPT DEA,DEA,1,
EASTGROUP PROPERTIES IN EGP,EGP,1,
EASTMAN CHEMICAL CO EMN,EMN,1,
EASTMAN KODAK CO KODK,KODK,1,
EATON CORP PLC ETN,ETN,1,
EATON VANCE CORP EV,EV,1,
EBAY INC EBAY,EBAY,1,
EBIX INC EBIX,EBIX,1,
ECHO GLOBAL LOGISTICS ECHO,ECHO,1,
ECHOSTAR CORP SATS,SATS,1,
ECLIPSE RESOURCES CORP ECR,ECR,1,
ECOLAB INC ECL,ECL,1,
EDISON INTERNATIONAL EIX,EIX,1,
EDUCATION REALTY TRUST EDR,EDR,1,
EDWARDS LIFESCIENCES EW,EW,1,
EHEALTH INC EHTH,EHTH,1,
EL PASO ELECTRIC CO EE,EE,1,
EL POLLO LOCO HLDGS INC LOCO,LOCO,1,
ELDORADO RESORTS INC ERI,ERI,1,
ELECTRO RENT CORP ELRC,ELRC,1,
ELECTRONIC ARTS INC EA,EA,1,
ELECTRONICS FOR IMAGING EFII,EFII,1,
ELIZABETH ARDEN INC RDEN,RDEN,1,
ELLIE MAE INC ELLI,ELLI,1,
ELLIS PERRY INTL INC PERY,PERY,1,
EMC CORPORATION EMC,EMC,1,
EMC INS GROUP INC EMCI,EMCI,1,
EMCOR GROUP INC EME,EME,1,
EMCORE CORP EMKR,EMKR,1,
EMERGENT BIOSOLUTIONS EBS,EBS,1,
EMERSON ELECTRIC CO EMR,EMR,1,
EMPIRE DISTRICT ELECTRI EDE,EDE,1,
EMPIRE RESORTS INC NYNY,NYNY,1,
EMPIRE STATE REALTY ESRT,ESRT,1,
EMPLOYERS HOLDINGS INC EIG,EIG,1,
ENANTA PHARMACEUTICALS ENTA,ENTA,1,
ENCORE CAPITAL GROUP IN ECPG,ECPG,1,
ENCORE WIRE CORP WIRE,WIRE,1,
ENDO INTERNATIONAL PLC ENDP,ENDP,1,
ENDOCYTE INC ECYT,ECYT,1,
ENDOLOGIX INC ELGX,ELGX,1,
ENDURANCE INTERNATIONAL EIGI,EIGI,1,
ENDURANCE SPECIALTY HLD ENH,ENH,1,
ENERGEN CORP EGN,EGN,1,
ENERGIZER HOLDINGS INC ENR,ENR,1,
ENERGY FUELS INC UUUU,UUUU,1,
ENERGY XXI LTD EXXI,EXXI,1,
ENERNOC INC ENOC,ENOC,1,
ENERSYS INC ENS,ENS,1,
ENGILITY HOLDINGS INC EGL,EGL,1,
ENNIS INC EBF,EBF,1,
ENOVA INTERNATIONAL INC ENVA,ENVA,1,
ENPHASE ENERGY INC ENPH,ENPH,1,
ENPRO INDUSTRIES INC NPO,NPO,1,
ENSCO PLC ESV,ESV,1,
ENSIGN GROUP INC ENSG,ENSG,1,
ENSTAR GROUP LIMITED ESGR,ESGR,1,
ENTEGRIS INC ENTG,ENTG,1,
ENTELLUS MEDICAL INC ENTL,ENTL,1,
ENTERCOM COMMUNICATIONS ETM,ETM,1,
ENTERGY CORP ETR,ETR,1,
ENTERPRISE BANCORP INC EBTC,EBTC,1,
ENTERPRISE FINL SERVICE EFSC,EFSC,1,
ENTRAVISION COMM EVC,EVC,1,
ENVESTNET INC ENV,ENV,1,
ENVISION HEALTHCARE INC EVHC,EVHC,1,
EOG RESOURCES INC EOG,EOG,1,
EP ENERGY CORPORATION EPE,EPE,1,
EPAM SYSTEMS INC EPAM,EPAM,1,
EPIQ SYSTEMS INC EPIQ,EPIQ,1,
EPIZYME INC EPZM,EPZM,1,
EPLUS INC PLUS,PLUS,1,
EPR PROPERTIES EPR,EPR,1,
EQT CORPORATION EQT,EQT,1,
EQUIFAX INC EFX,EFX,1,
EQUINIX INC EQIX,EQIX,1,
EQUITY COMMONWEALTH EQC,EQC,1,
EQUITY LIFESTYLE PROP ELS,ELS,1,
EQUITY ONE INC EQY,EQY,1,
EQUITY RESIDENTIAL EQR,EQR,1,
ERA GROUP INC ERA,ERA,1,
ERIE INDEMNITY CO ERIE,ERIE,1,
ERIN ENERGY CORPORATION ERN,ERN,1,
EROS INTL PLC EROS,EROS,1,
ESCALADE INC ESCA,ESCA,1,
ESCO TECHNOLOGIES INC ESE,ESE,1,
ESPERION THERAPEUTICS ESPR,ESPR,1,
ESSENDANT INC ESND,ESND,1,
ESSENT GROUP LTD ESNT,ESNT,1,
ESSEX PROPERTY TRUST IN ESS,ESS,1,
ESTEE LAUDER COMPANIES EL,EL,1,
ESTERLINE TECHNOLOGIES ESL,ESL,1,
ETHAN ALLEN INTERIORS ETH,ETH,1,
ETSY INC ETSY,ETSY,1,
EURONET WORLDWIDE INC EEFT,EEFT,1,
EVERBANK FINL CORP EVER,EVER,1,
EVERCORE PARTNERS EVR,EVR,1,
EVEREST RE GROUP LTD RE,RE,1,
EVERSOURCE ENERGY ES,ES,1,
EVERTEC INC EVTC,EVTC,1,
EVERYDAY HEALTH INC EVDY,EVDY,1,
EVINE LIVE INC EVLV,EVLV,1,
EVOLUTION PETROLEUM COR EPM,EPM,1,
EXACT SCIENCES CORP EXAS,EXAS,1,
EXACTECH INC EXAC,EXAC,1,
EXAMWORKS GROUP INC EXAM,EXAM,1,
EXAR CORP EXAR,EXAR,1,
EXCEL TR INC EXL,EXL,0,acquired
EXCO RESOURCES INC XCO,XCO,1,
EXELIXIS INC EXEL,EXEL,1,
EXELON CORP EXC,EXC,1,
EXLSERVICE HOLDINGS INC EXLS,EXLS,1,
EXONE COMPANY XONE,XONE,1,
EXPEDIA INC EXPE,EXPE,1,
EXPEDITORS INTL OF WASH EXPD,EXPD,1,
EXPONENT INC EXPO,EXPO,1,
EXPRESS INC EXPR,EXPR,1,
EXPRESS SCRIPTS HOLD CO ESRX,ESRX,1,
EXTENDED STAY AMERICA STAY,STAY,1,
EXTERRAN HOLDINGS INC EXH,AROC,1,renamed
EXTRA SPACE STORAGE INC EXR,EXR,1,
EXTREME NETWORKS INC EXTR,EXTR,1,
EXXON MOBIL CORP XOM,XOM,1,
EZCORP INC EZPW,EZPW,1,
F5 NETWORKS INC FFIV,FFIV,1,
FABRINET FN,FN,1,
FACEBOOK INC FB,FB,1,
FACTSET RESEARCH SYSTEM FDS,FDS,1,
FAIR ISAAC CORP FICO,FICO,1,
FAIRCHILD SEMICONDUCTOR FCS,FCS,1,
FAIRPOINT COMMUNICATION FRP,FRP,1,
FAIRWAY GROUP HLDGS COR FWM,FWM,1,
FAMILY DOLLAR STORES FDO,FDO,0,acquired
FARMER BROS CO FARM,FARM,1,
FARMERS CAPITAL BK CORP FFKT,FFKT,1,
FARO TECHNOLOGIES INC FARO,FARO,1,
FASTENAL CO FAST,FAST,1,
FBL FINANCIAL GROUP INC FFG,FFG,1,
FCB FINANCIAL HOLDINGS FCB,FCB,1,
FEDERAL AGRIC MTG CO AGM,AGM,1,
FEDERAL MOGUL HOLDINGS FDML,FDML,1,
FEDERAL REALTY INVT FRT,FRT,1,
FEDERAL SIGNAL CORP FSS,FSS,1,
FEDERATED INVESTORS INC FII,FII,1,
FEDERATED NATL HOLDING FNHC,FNHC,1,
FEDEX CORP FDX,FDX,1,
FEI CO FEIC,FEIC,1,
FELCOR LODGING TRUST IN FCH,FCH,1,
FENIX PTS INC FENX,FENX,1,
FERRO CORP FOE,FOE,1,
FIBROCELL SCIENCE INC FCSC,FCSC,1,
FIBROGEN INC FGEN,FGEN,1,
FIDELITY & GUARANTY FGL,FGL,1,
FIDELITY NATL INFO SVCS FIS,FIS,1,
FIDELITY SOUTHERN CORP LION,LION,1,
FIESTA RESTAURANT GROUP FRGI,FRGI,1,
FIFTH STREET ASSET MGMT FSAM,FSAM,1,
FIFTH THIRD BANCORP FITB,FITB,1,
FINANCIAL ENGINES INC FNGN,FNGN,1,
FINANCIAL INSTNS INC FISI,FISI,1,
FINISAR CORP FNSR,FNSR,1,
FINISH LINE INC FINL,FINL,1,
FIREEYE INC FEYE,FEYE,1,
FIRST AMERICAN FINL COR FAF,FAF,1,
FIRST BANCORP INC FNLC,FNLC,1,
FIRST BANCORP NC FBNC,FBNC,1,
FIRST BANCORP PR FBP,FBP,1,
FIRST BUSEY CORP BUSE,BUSE,1,
FIRST BUSINESS FINL SVC FBIZ,FBIZ,1,
FIRST CASH FINANCIAL FCFS,FCFS,1,
FIRST CITIZENS BANCSHRS FCNCA,FCNCA,1,
FIRST CMNTY BANCSHAR FCBC,FCBC,1,
FIRST COMMONWLTH FINL FCF,FCF,1,
FIRST CONN BANCORP INC FBNK,FBNK,1,
FIRST DEFIANCE FINANCIA FDEF,FDEF,1,
FIRST FINANCIAL BANCORP FFBC,FFBC,1,
FIRST FINANCIAL CORP THFF,THFF,1,
FIRST FINL BANKSHARES FFIN,FFIN,1,
FIRST HORIZON NATL CORP FHN,FHN,1,
FIRST INDUSTRIAL RLTY T FR,FR,1,
FIRST INTST BANCSYSTEM FIBK,FIBK,1,
FIRST LONG ISLAND CORP FLIC,FLIC,1,
FIRST MERCHANTS CORP FRME,FRME,1,
FIRST MIDWEST BANCORP FMBI,FMBI,1,
FIRST NBC BK HLDG CO FNBC,FNBC,1,
FIRST NIAGARA FINL GRP FNFG,FNFG,1,
FIRST POTOMAC REALTY TR FPO,FPO,1,
FIRST REP BK SAN FRAN FRC,FRC,1,
FIRST SOLAR INC FSLR,FSLR,1,
FIRSTENERGY CORP FE,FE,1,
FIRSTMERIT CORP FMER,FMER,1,
FISERV INC FISV,FISV,1,
FIVE BELOW FIVE,FIVE,1,
FIVE PRIME THERAPEUTICS FPRX,FPRX,1,
FIVE STAR QUALITY CARE FVE,FVE,1,
FIVE9 INC FIVN,FIVN,1,
FLAGSTAR BANCORP INC FBC,FBC,1,
FLEETCOR TECHNOLOGIES FLT,FLT,1,
FLEETMATICS GROUP PLC FLTX,FLTX,1,
FLEX PHARMA INC FLKS,FLKS,1,
FLEXION THERAPEUTICS IN FLXN,FLXN,1,
FLEXSTEEL INDUSTRIES IN FLXS,FLXS,1,
FLIR SYSTEMS INC FLIR,FLIR,1,
FLOTEK INDUSTRIES INC FTK,FTK,1,
FLOWERS FOODS INC FLO,FLO,1,
FLOWSERVE CORP FLS,FLS,1,
FLUIDIGM CORP FLDM,FLDM,1,
FLUOR CORP FLR,FLR,1,
FLUSHING FINANCIAL CORP FFIC,FFIC,1,
FMC CORP FMC,FMC,1,
FMC TECHNOLOGIES INC FTI,FTI,1,
FMSA HOLDINGS INC FMSA,FMSA,1,
FNB CORP FNB,FNB,1,
FNF GROUP FNF,FNF,1,
FNFV GROUP FNFV,FNFV,1,
FOAMIX PHARMACEUTICALS FOMX,FOMX,1,
FOOT LOCKER INC FL,FL,1,
FORD MOTOR CO F,F,1,
FOREST CITY ENTRPRS FCE.A,FCE-A,1,
FORESTAR GROUP INC FOR,FOR,1,
FORMFACTOR INC FORM,FORM,1,
FORRESTER RESEARCH INC FORR,FORR,1,
FORTINET INC FTNT,FTNT,1,
FORTUNE BRDS HOME & SEC FBHS,FBHS,1,
FORUM ENERGY TECH FET,FET,1,
FORWARD AIR CORP FWRD,FWRD,1,
FOSSIL GROUP INC FOSL,FOSL,1,
FOSTER L B CO FSTR,FSTR,1,
FOUNDATION MEDICINE INC FMI,FMI,1,
FOX CHASE BANCORP FXCB,FXCB,1,
FOX FACTORY HOLDING COR FOXF,FOXF,1,
FRANCESCAS HOLDINGS COR FRAN,FRAN,1,
FRANKLIN COVEY CO FC,FC,1,
FRANKLIN ELECTRIC CO FELE,FELE,1,
FRANKLIN FINANCIAL NTWK FSB,FSB,1,
FRANKLIN RESOURCES INC BEN,BEN,1,
FRANKLIN STREET PPTYS C FSP,FSP,1,
FRANK'S INTERNATIONAL FI,FI,1,
FREDS INC FRED,FRED,1,
FREEPORT-MCMORAN INC FCX,FCX,1,
FREESCALE SEMICONDUCTOR FSL,FSL,0,acquired
FREIGHTCAR AMERICA INC RAIL,RAIL,1,
FRESH DEL MONTE PRODUCE FDP,FDP,1,
FRESH MARKET INC TFM,TFM,1,
FRESHPET INC FRPT,FRPT,1,
FRONTIER COMMUNICATIONS FTR,FTR,1,
FRONTLINE LTD FRO,FRO,1,
FRP HOLDINGS INC FRPH,FRPH,1,
FTD COMPANIES INC FTD,FTD,1,
FTI CONSULTING INC FCN,FCN,1,
FUELCELL ENERGY INC FCEL,FCEL,1,
FULTON FINANCIAL CORP FULT,FULT,1,
FURMANITE CORP FRM,FRM,1,
FUTUREFUEL CORPORATION FF,FF,1,
G&K SERVICES INC GK,GK,1,
GAIN CAPITAL HLDNGS INC GCAP,GCAP,1,
GALENA BIOPHARMA INC GALE,GALE,1,
GALLAGHER ARTHUR J & CO AJG,AJG,1,
GAMCO INVESTORS INC GBL,GBL,1,
GAMESTOP CORP GME,GME,1,
GAMING AND LEISURE PPTY GLPI,GLPI,1,
GANNETT INC GCI,GCI,1,
GAP INC GPS,GPS,1,
GARMIN LTD GRMN,GRMN,1,
GARTNER INC IT,IT,1,
GASLOG LTD GLOG,GLOG,1,
GASTAR EXPL INC GST,GST,1,
GATX CORP GMT,GMT,1,
GENERAC HOLDINGS INC GNRC,GNRC,1,
GENERAL CABLE CORP BGC,BGC,1,
GENERAL COMMUNICATION GNCMA,GNCMA,1,
GENERAL DYNAMICS CORP GD,GD,1,
GENERAL ELECTRIC CO GE,GE,1,
GENERAL GROWTH PPTYS IN GGP,GGP,1,
GENERAL MILLS INC GIS,GIS,1,
GENERAL MTRS CO GM,GM,1,
GENESCO INC GCO,GCO,1,
GENESEE & WYOMING INC GWR,GWR,1,
GENESIS HEALTHCARE INC GEN,GEN,1,
GENIE ENERGY LTD GNE,GNE,1,
GENMARK DIAGNOSTICS INC GNMK,GNMK,1,
GENOCEA BIOSCIENCES INC GNCA,GNCA,1,
GENOMIC HEALTH INC GHDX,GHDX,1,
GENPACT LTD G,G,1,
GENTEX CORP GNTX,GNTX,1,
GENTHERM INC THRM,THRM,1,
GENUINE PARTS CO GPC,GPC,1,
GENWORTH FINANCIAL INC GNW,GNW,1,
GEO GROUP INC GEO,GEO,1,
GEOSPACE TECHNOLOGIES GEOS,GEOS,1,
GERMAN AMERICAN BANCORP GABC,GABC,1,
GERON CORP GERN,GERN,1,
GETTY REALTY CORP GTY,GTY,1,
GIBRALTAR INDUSTRIES IN ROCK,ROCK,1,
GIGAMON INC GIMO,GIMO,1,
G-III APPAREL GROUP LTD GIII,GIII,1,
GILEAD SCIENCES INC GILD,GILD,1,
GLACIER BANCORP INC GBCI,GBCI,1,
GLADSTONE COMMERCIAL GOOD,GOOD,1,
GLATFELTER GLT,GLT,1,
GLOBAL BRASS & COPPR HL BRSS,BRSS,1,
GLOBAL CASH ACCESS INC GCA,EVRI,1,renamed
GLOBAL EAGLE ENTMT INC ENT,ENT,1,
GLOBAL INDEMNITY PLC GBLI,GBLI,1,
GLOBAL PAYMENTS INC GPN,GPN,1,
GLOBALSTAR INC GSAT,GSAT,1,
GLOBANT SA GLOB,GLOB,1,
GLOBE SPECIALTY METALS GSM,GSM,1,
GLOBUS MEDICAL INC GMED,GMED,1,
GLU MOBILE INC GLUU,GLUU,1,
GNC HLDGS INC GNC,GNC,1,
GODADDY INC GDDY,GDDY,1,
GOGO INC GOGO,GOGO,1,
GOLAR LNG LTD BERMUDA GLNG,GLNG,1,
GOLDEN OCEAN GROUP LTD GOGL,GOGL,1,
GOLDMAN SACHS GROUP INC GS,GS,1,
GOODYEAR TIRE & RUBBER GT,GT,1,
GOOGLE INC CL A GOOGL,GOOGL,1,
GOOGLE INC CL C GOOG,GOOG,1,
GOPRO INC GPRO,GPRO,1,
GORMAN RUPP CO GRC,GRC,1,
GOVERNMENT PPTY INCOME GOV,GOV,1,
GP STRATEGIES CORP GPX,GPX,1,
GRACE W R & CO GRA,GRA,1,
GRACO INC GGG,GGG,1,
GRAFTECH INTL LTD GTI,GTI,0,acquired
GRAHAM CORP GHM,GHM,1,
GRAHAM HOLDINGS COMPANY GHC,GHC,1,
GRAINGER WW INC GWW,GWW,1,
GRAMERCY PRPTY TRST INC GPT,GPT,1,
GRAND CANYON EDUCATION LOPE,LOPE,1,
GRANITE CONSTR INC GVA,GVA,1,
GRAPHIC PACKAGING HLDG GPK,GPK,1,
GRAY TELEVISION INC GTN,GTN,1,
GREAT AJAX CORP AJX,AJX,1,
GREAT LAKES DREDGE & DO GLDD,GLDD,1,
GREAT PLAINS ENERGY INC GXP,GXP,1,
GREAT SOUTHERN BANCORP GSBC,GSBC,1,
GREAT WESTERN BANCORP GWB,GWB,1,
GREATBATCH INC GB,GB,1,
GREEN BANCORP INC GNBC,GNBC,1,
GREEN BRICK PARTNERS IN GRBK,GRBK,1,
GREEN DOT CORP GDOT,GDOT,1,
GREEN PLAINS INC GPRE,GPRE,1,
GREENBRIER COMPANIES IN GBX,GBX,1,
GREENHILL & CO INC GHL,GHL,1,
GREENLIGHT CAPITAL RE L GLRE,GLRE,1,
GREIF INC GEF,GEF,1,
GRIFFON CORP GFF,GFF,1,
GROUP 1 AUTOMOTIVE INC GPI,GPI,1,
GROUPON INC GRPN,GRPN,1,
GRUBHUB INC GRUB,GRUB,1,
GSI GROUP INC GSIG,GSIG,1,
GTT COMMUNICATIONS INC GTT,GTT,1,
GUARANTY BANCORP GBNK,GBNK,1,
GUESS INC GES,GES,1,
GUIDANCE SOFTWARE INC GUID,GUID,1,
GUIDEWIRE SOFTWARE INC GWRE,GWRE,1,
GULFMARK OFFSHORE INC GLF,GLF,1,
GULFPORT ENERGY CORP GPOR,GPOR,1,
H&E EQUIPMENT SERVICES HEES,HEES,1,
HABIT RESTAURANTS HABT,HABT,1,
HACKETT GROUP INC HCKT,HCKT,1,
HAEMONETICS CORP HAE,HAE,1,
HAIN CELESTIAL GROUP HAIN,HAIN,1,
HALCON RESOURCES CORP HK,HK,1,
HALLADOR ENERGY CO HNRG,HNRG,1,
HALLIBURTON CO HAL,HAL,1,
HALLMARK FINL SVCS INC HALL,HALL,1,
HALOZYME THERAPEUTICS HALO,HALO,1,
HALYARD HEALTH INC HYH,HYH,1,
HAMPTON ROADS BANKSHARE HMPR,HMPR,1,
HANCOCK HOLDING CO HBHC,HBHC,1,
HANDY & HARMAN HLDGS LT HNH,HNH,1,
HANESBRAND INC HBI,HBI,1,
HANGER INC HGR,HGR,1,
HANMI FINANCIAL CORP HAFC,HAFC,1,
HANNON ARMSTRONG SUSTAI HASI,HASI,1,
HANOVER INSURANCE GROUP THG,THG,1,
HARLEY DAVIDSON INC HOG,HOG,1,
HARMAN INTERNATIONAL IN HAR,HAR,1,
HARMONIC INC HLIT,HLIT,1,
HARRIS CORP HRS,HRS,1,
HARSCO CORP HSC,HSC,1,
HARTE HANKS INC HHS,HHS,1,
HARTFORD FINL SVCS GRP HIG,HIG,1,
HARVARD BIOSCIENCE INC HBIO,HBIO,1,
HASBRO INC HAS,HAS,1,
HATTERAS FINL CORP HTS,HTS,1,
HAVERTY FURNITURE INC HVT,HVT,1,
HAWAIIAN ELECTRIC INDS HE,HE,1,
HAWAIIAN HOLDINGS INC HA,HA,1,
HAWAIIAN TELCOM HOLDCO HCOM,HCOM,1,
HAWKINS INC HWKN,HWKN,1,
HAYNES INTERNATIONAL IN HAYN,HAYN,1,
HB FULLER COMPANY FUL,FUL,1,
HC2 HLDGS INC HCHC,HCHC,1,
HCA HOLDINGS INC HCA,HCA,1,
HCC INSURANCE HLDGS IN HCC,HCC,0,acquired
HCI GROUP INC HCI,HCI,1,
HCP INC HCP,HCP,1,
HD SUPPLY HOLDINGS INC HDS,HDS,1,
HEADWATERS INC HW,HW,1,
HEALTH CARE REIT INC HCN,HCN,1,
HEALTH NET INC HNT,HNT,1,
HEALTHCARE REALTY TRUST HR,HR,1,
HEALTHCARE SVCS GRP INC HCSG,HCSG,1,
HEALTHCARE TR AMER INC HTA,HTA,1,
HEALTHEQUITY INC HQY,HQY,1,
HEALTHSOUTH CORP HLS,HLS,1,
HEALTHSTREAM INC HSTM,HSTM,1,
HEALTHWAYS INC HWAY,HWAY,1,
HEARTLAND EXPRESS INC HTLD,HTLD,1,
HEARTLAND FINANCIAL USA HTLF,HTLF,1,
HEARTLAND PAYMENT SYS HPY,HPY,1,
HEARTWARE INTL INC HTWR,HTWR,1,
HECLA MINING CO HL,HL,1,
HEICO CORP CL A HEI.A,HEI-A,1,
HEICO CORP COMMON HEI,HEI,1,
HEIDRICK & STRUGGLES HSII,HSII,1,
HELEN OF TROY LTD HELE,HELE,1,
HELIX ENERGY SOLUTIONS HLX,HLX,1,
HELMERICH & PAYNE INC HP,HP,1,
HEMISPHERE MEDIA GROUP HMTV,HMTV,1,
HENRY JACK & ASSOCIATES JKHY,JKHY,1,
HERBALIFE LTD HLF,HLF,1,
HERITAGE COMMERCE CORP HTBK,HTBK,1,
HERITAGE CRYL CLEAN INC HCCI,HCCI,1,
HERITAGE FINANCIAL CORP HFWA,HFWA,1,
HERITAGE FINANCIAL GROU HBOS,HBOS,0,acquired
HERITAGE INS HLDGS INC HRTG,HRTG,1,
HERITAGE OAKS BANCORP HEOP,HEOP,1,
HERMAN MILLER INC MLHR,MLHR,1,
HERON THERAPEUTICS INC HRTX,HRTX,1,
HERSHA HOSPITALITY TRUS HT,HT,1,
HERSHEY COMPANY HSY,HSY,1,
HERTZ GLOBAL HOLDINGS HTZ,HTZ,1,
HESKA CORP HSKA,HSKA,1,
HESS CORP HES,HES,1,
HEWLETT PACKARD CO HPQ,HPQ,1,
HEXCEL CORP HXL,HXL,1,
HFF INC HF,HF,1,
HIBBETT SPORTS INC HIBB,HIBB,1,
HIGHWOODS PROPERTIES IN HIW,HIW,1,
HILL INTERNATIONAL INC HIL,HIL,1,
HILLENBRAND INC HI,HI,1,
HILL-ROM HOLDINGS INC HRC,HRC,1,
HILLTOP HOLDINGS INC HTH,HTH,1,
HILTON WORLDWIDE HOLDIN HLT,HLT,1,
HINGHAM INSTN SVGS MASS HIFS,HIFS,1,
HMS HOLDINGS CORP HMSY,HMSY,1,
HNI CORPORATION HNI,HNI,1,
HOLLYFRONTIER CORP HFC,HFC,1,
HOLOGIC INC HOLX,HOLX,1,
HOME BANCSHARES INC HOMB,HOMB,1,
HOME DEPOT INC HD,HD,1,
HOME PROPERTIES INC HME,HME,0,acquired
HOMEAWAY INC AWAY,AWAY,0,acquired
HOMESTREET INC HMST,HMST,1,
HOMETRUST BANCSHARES IN HTBI,HTBI,1,
HONEYWELL INTERNATIONAL HON,HON,1,
HOOKER FURNITURE CORP HOFT,HOFT,1,
HORACE MANN EDUCATORS HMN,HMN,1,
HORIZON BANCORP IND HBNC,HBNC,1,
HORMEL FOODS CORP HRL,HRL,1,
HORNBECK OFFSHORE SVCS HOS,HOS,1,
HORSEHEAD HOLDING CORP ZINC,ZINC,1,
HORTONWORKS INC HDP,HDP,1,
HOSPIRA INC HSP,HSP,0,acquired
HOSPITALITY PPTYS TRUST HPT,HPT,1,
HOST HOTELS & RESORTS HST,HST,1,
HOUGHTON MIFFLIN HARCOU HMHC,HMHC,1,
HOVNANIAN ENTERPRISES HOV,HOV,1,
HOWARD HUGHES CORP HHC,HHC,1,
HRG GROUP INC HRG,HRG,1,
HSN INC HSNI,HSNI,1,
HUB GROUP INC HUBG,HUBG,1,
HUBBELL INC HUB.B,HUBB,0,"reclassified, errors"
HUBSPOT INC HUBS,HUBS,1,
HUDSON CITY BANCORP HCBK,HCBK,0,acquired
HUDSON PAC PPTYS INC HPP,HPP,1,
HUDSON VALLEY HOLDING HVB,HVB,0,acquired
HUMANA INC HUM,HUM,1,
HUNTINGTON BANCSHARES HBAN,HBAN,1,
HUNTINGTON INGALLS IND HII,HII,1,
HUNTSMAN CORP HUN,HUN,1,
HURCO COMPANIES INC HURC,HURC,1,
HURON CONSULTING GROUP HURN,HURN,1,
HYATT HOTELS CORP H,H,1,
HYSTER-YALE MATERIALS HY,HY,1,
IAC INTERACTIVECORP IACI,IAC,1,ticker change
IBERIABANK CORP IBKC,IBKC,1,
ICF INTERNATIONAL INC ICFI,ICFI,1,
ICONIX BRAND GROUP INC ICON,ICON,1,
ICU MEDICAL INC ICUI,ICUI,1,
IDACORP INC IDA,IDA,1,
IDERA PHARMACEUTICALS IDRA,IDRA,1,
IDEX CORP IEX,IEX,1,
IDEXX LABS INC IDXX,IDXX,1,
IDT CORP IDT,IDT,1,
IGATE CORP IGTE,IGTE,0,acquired
IGI LABS INC IG,TLGT,0,"renamed, error?"
IGNYTA INC RXDX,RXDX,1,
IHS INC IHS,IHS,1,
II VI INC IIVI,IIVI,1,
ILLINOIS TOOL WORKS INC ITW,ITW,1,
ILLUMINA INC ILMN,ILMN,1,
IMATION CORP IMN,IMN,1,
IMAX CORP IMAX,IMAX,1,
IMMERSION CORP IMMR,IMMR,1,
IMMUNE DESIGN CORP IMDZ,IMDZ,1,
IMMUNOGEN INC IMGN,IMGN,1,
IMMUNOMEDICS INC IMMU,IMMU,1,
IMPAC MTG HLDGS INC IMH,IMH,1,
IMPAX LABORATORIES INC IPXL,IPXL,1,
IMPERVA INC IMPV,IMPV,1,
IMPRIVATA INC IMPR,IMPR,1,
IMS HEALTH HLDGS INC IMS,IMS,1,
INC RESEARCH HOLDINGS INCR,INCR,1,
INCONTACT INC SAAS,SAAS,1,
INCYTE CORP INCY,INCY,1,
IND CONTRACT DRILLING ICD,ICD,1,
INDEPENDENCE HOLDING CO IHC,IHC,1,
INDEPENDENCE RLTY TRUST IRT,IRT,1,
INDEPENDENT BANK CORP IBCP,IBCP,1,
INDEPENDENT BANK MA INDB,INDB,1,
INDEPENDENT BK GROUP IN IBTX,IBTX,1,
INFINERA CORP INFN,INFN,1,
INFINITY PHARMACEUTICAL INFI,INFI,1,
INFINITY PPTY & CAS COR IPCC,IPCC,1,
INFOBLOX INC BLOX,BLOX,1,
INFORMATICA CORP INFA,INFA,0,acquired
INFRAREIT INC HIFR,HIFR,1,
INGERSOLL-RAND PLC IR,IR,1,
INGLES MARKETS INC IMKTA,IMKTA,1,
INGRAM MICRO INC IM,IM,1,
INGREDION INC INGR,INGR,1,
INLAND REAL ESTATE CORP IRC,IRC,1,
INNERWORKINGS INC INWK,INWK,1,
INNOPHOS HOLDINGS INC IPHS,IPHS,1,
INNOSPEC INC IOSP,IOSP,1,
INOGEN INC INGN,INGN,1,
INOVALON HOLDINGS INC INOV,INOV,1,
INOVIO PHARMACEUTICALS INO,INO,1,
INPHI CORP IPHI,IPHI,1,
INSIGHT ENTERPRISES INC NSIT,NSIT,1,
INSMED INC INSM,INSM,1,
INSPERITY INC NSP,NSP,1,
INSTALLED BLDNG PRODUCT IBP,IBP,1,
INSTEEL INDUSTRIES INC IIIN,IIIN,1,
INSULET CORP PODD,PODD,1,
INSYS THERAPEUTICS INC INSY,INSY,1,
INTEGRA LIFESCIENCES IART,IART,1,
INTEGRATED DEVICE TECH IDTI,IDTI,1,
INTEGRATED SILICON SLTN ISSI,ISSI,0,acquired
INTEGRYS ENERGY GROUP TEG,TEG,0,acquired
INTEL CORP INTC,INTC,1,
INTELIQUENT INC IQNT,IQNT,1,
INTELSAT SA I,I,1,
INTER PARFUMS INC IPAR,IPAR,1,
INTERACTIVE BROKERS GRP IBKR,IBKR,1,
INTERACTIVE INTELLIGENC ININ,ININ,1,
INTERCEPT PHARMA INC ICPT,ICPT,1,
INTERCONTINENTAL EXCH ICE,ICE,1,
INTERDIGITAL INC IDCC,IDCC,1,
INTERFACE INC TILE,TILE,1,
INTERNAP CORPORATION INAP,INAP,1,
INTERNATIONAL BANCSHARE IBOC,IBOC,1,
INTERNATIONAL GAME TECH IGT,IGT,1,
INTERNATIONAL PAPER CO IP,IP,1,
INTERNATIONAL SPEEDWAY ISCA,ISCA,1,
INTERPUBLIC GROUP OF CO IPG,IPG,1,
INTERSECT ENT INC XENT,XENT,1,
INTERSIL CORP ISIL,ISIL,1,
INTERVAL LEISURE GRP IN IILG,IILG,1,
INTL BUSINESS MACHINES IBM,IBM,1,
INTL FCSTONE INC INTL,INTL,1,
INTL FLAVORS & FRAGRANC IFF,IFF,1,
INTRA CELLULAR THERAPIE ITCI,ITCI,1,
INTRALINKS HLDGS INC IL,IL,1,
INTRAWEST RSRTS HLDG IN SNOW,SNOW,1,
INTREPID POTASH INC IPI,IPI,1,
INTREXON CORP XON,XON,1,
INTUIT INTU,INTU,1,
INTUITIVE SURGICAL INC ISRG,ISRG,1,
INVACARE CORP IVC,IVC,1,
INVENSENSE INC INVN,INVN,1,
INVENTURE FOODS INC SNAK,SNAK,1,
INVESCO LTD IVZ,IVZ,1,
INVESCO MORTGAGE CAP IVR,IVR,1,
INVESTMENT TECHNOLOGY ITG,ITG,1,
INVESTORS BANCORP INC ISBC,ISBC,1,
INVESTORS REAL ESTATE T IRET,IRET,1,
INVITAE CORPORATION NVTA,NVTA,1,
INVIVO THERAPEUTICS HLD NVIV,NVIV,1,
ION GEOPHYSICAL CORP IO,IO,1,
IPC HEALTHCARE INC IPCM,IPCM,0,acquired
IPG PHOTONICS CORP IPGP,IPGP,1,
IRADIMED CORPORATION IRMD,IRMD,1,
IRIDIUM COMMUNICATIONS IRDM,IRDM,1,
IROBOT CORP IRBT,IRBT,1,
IRON MOUNTAIN INC IRM,IRM,1,
IRONWOOD PHARMACEUTICAL IRWD,IRWD,1,
ISIS PHARMACEUTICALS ISIS,IONS,1,renamed
ISLE OF CAPRI CASINOS ISLE,ISLE,1,
ISRAMCO INC ISRL,ISRL,1,
ISTAR FINANCIAL INC STAR,STAR,1,
ITC HOLDINGS CORP ITC,ITC,1,
ITRON INC ITRI,ITRI,1,
ITT CORPORATION ITT,ITT,1,
IXIA XXIA,XXIA,1,
IXYS CORP IXYS,IXYS,1,
J & J SNACK FOODS CO JJSF,JJSF,1,
J2 GLOBAL INC JCOM,JCOM,1,
JABIL CIRCUIT INC JBL,JBL,1,
JACK IN THE BOX INC JACK,JACK,1,
JACOBS ENGINEERING GRP JEC,JEC,1,
JAKKS PACIFIC INC JAKK,JAKK,1,
JAMBA INC JMBA,JMBA,1,
JAMES RIVER GROUP HLDG JRVR,JRVR,1,
JANUS CAPITAL GROUP INC JNS,JNS,1,
JARDEN CORP JAH,JAH,1,
JAZZ PHARMACEUTICALS PL JAZZ,JAZZ,1,
JB HUNT TRANS SVCS INC JBHT,JBHT,1,
JDS UNIPHASE CORP JDSU,VIAV,0,renamed
JETBLUE AIRWAYS CORP JBLU,JBLU,1,
JG WENTWORTH CO JGW,JGW,1,
JIVE SOFTWARE INC JIVE,JIVE,1,
JOHN BEAN TECH CORP JBT,JBT,1,
JOHNSON & JOHNSON JNJ,JNJ,1,
JOHNSON CONTROLS INC JCI,JCI,1,
JOHNSON OUTDOORS INC JOUT,JOUT,1,
JONES ENERGY INC JONE,JONE,1,
JONES LANG LASALLE INC JLL,JLL,1,
JOURNAL MEDIA GROUP INC JMG,JMG,1,
JOY GLOBAL INC JOY,JOY,1,
JPMORGAN CHASE & CO JPM,JPM,1,
JUNIPER NETWORKS INC JNPR,JNPR,1,
JUNO THERAPEUTICS INC JUNO,JUNO,1,
K12 INC LRN,LRN,1,
K2M GROUP HLDGS INC KTWO,KTWO,1,
KADANT INC KAI,KAI,1,
KAISER ALUMINUM CORP KALU,KALU,1,
KAMAN CORP KAMN,KAMN,1,
KANSAS CITY LIFE INS CO KCLI,KCLI,1,
KANSAS CITY SOUTHERN KSU,KSU,1,
KAPSTONE PAPER AND PACK KS,KS,1,
KAR AUCTION SERVICES IN KAR,KAR,1,
KARYOPHARM THERAPEUTICS KPTI,KPTI,1,
KATE SPADE & CO KATE,KATE,1,
KB HOME KBH,KBH,1,
KBR INC KBR,KBR,1,
KCG HOLDINGS INC KCG,KCG,1,
KEARNY FINANCIAL CORP KRNY,KRNY,1,
KELLOGG CO K,K,1,
KELLY SERVICES INC KELYA,KELYA,1,
KEMPER CORPORATION KMPR,KMPR,1,
KENNAMETAL INC KMT,KMT,1,
KENNEDY-WILSON HLDGS IN KW,KW,1,
KERYX BIOPHARMACEUTICAL KERX,KERX,1,
KEURIG GREEN MOUNTAIN GMCR,GMCR,1,
KEY ENERGY SERVICES INC KEG,KEG,1,
KEYCORP KEY,KEY,1,
KEYSIGHT TECHNOLOGIES KEYS,KEYS,1,
KEYW HOLDING CORP KEYW,KEYW,1,
KFORCE INC KFRC,KFRC,1,
KILROY REALTY CORP KRC,KRC,1,
KIMBALL ELECTRONICS INC KE,KE,1,
KIMBALL INTERNATIONAL KBAL,KBAL,1,
KIMBERLY CLARK CORP KMB,KMB,1,
KIMCO REALTY CORP KIM,KIM,1,
KINDER MORGAN INC KMI,KMI,1,
KINDRED HEALTHCARE INC KND,KND,1,
KING DIGITAL ENTMT PLC KING,KING,1,
KIRBY CORP KEX,KEX,1,
KIRKLANDS INC KIRK,KIRK,1,
KITE PHARMA INC KITE,KITE,1,
KITE REALTY GROUP TRUST KRG,KRG,1,
KLA-TENCOR CORP KLAC,KLAC,1,
KLX INC KLXI,KLXI,1,
KMG CHEMICALS INC KMG,KMG,1,
KNIGHT TRANSPORTATION KNX,KNX,1,
KNOLL INC KNL,KNL,1,
KNOWLES CORPORATION KN,KN,1,
KOHLS CORP KSS,KSS,1,
KONA GRILL INC KONA,KONA,1,
KOPIN CORP KOPN,KOPN,1,
KOPPERS HOLDINGS INC KOP,KOP,1,
KORN FERRY INTERNATIONA KFY,KFY,1,
KOSMOS ENERGY LTD KOS,KOS,1,
KRAFT FOODS GROUP INC KRFT,KRFT,0,acquired
KRATON PERF POLYMERS KRA,KRA,1,
KRATOS DEFENSE & SEC SO KTOS,KTOS,1,
KRISPY KREME DOUGHNUTS KKD,KKD,1,
KROGER CO KR,KR,1,
KRONOS WORLDWIDE INC KRO,KRO,1,
KVH INDUSTRIES INC KVHI,KVHI,1,
KYTHERA BIOPHARM INC KYTH,KYTH,0,acquired
L BRANDS INC LB,LB,1,
L-3 COMMUNICATIONS HLDG LLL,LLL,1,
LA JOLLA PHARMACEUTICAL LJPC,LJPC,1,
LA QUINTA HLDGS INC LQ,LQ,1,
LA Z BOY INC LZB,LZB,1,
LABORATORY CORP OF AMER LH,LH,1,
LACLEDE GROUP INC LG,LG,1,
LADDER CAPITAL CORP LADR,LADR,1,
LADENBURG THALMAN FIN LTS,LTS,1,
LAKELAND BANCORP INC LBAI,LBAI,1,
LAKELAND FINANCIAL CORP LKFN,LKFN,1,
LAM RESEARCH CORP LRCX,LRCX,1,
LAMAR ADVERTISING CO LAMR,LAMR,1,
LANCASTER COLONY CORP LANC,LANC,1,
LANDAUER INC LDR,LDR,1,
LANDEC CORP LNDC,LNDC,1,
LANDS END INC LE,LE,1,
LANDSTAR SYSTEMS INC LSTR,LSTR,1,
LANNETT CO INC LCI,LCI,1,
LAREDO PETROLEUM INC LPI,LPI,1,
LAS VEGAS SANDS CORP LVS,LVS,1,
LASALLE HOTEL PROPERTIE LHO,LHO,1,
LATTICE SEMICONDUCTOR LSCC,LSCC,1,
LAWSON PRODUCTS INC LAWS,LAWS,1,
LAZARD LTD LAZ,LAZ,1,
LDR HOLDING CORPORATION LDRH,LDRH,1,
LEAR CORP LEA,LEA,1,
LEGACYTEXAS FIN GROUP LTXB,LTXB,1,
LEGG MASON INC LM,LM,1,
LEGGETT & PLATT INC LEG,LEG,1,
LEIDOS HOLDINGS INC LDOS,LDOS,1,
LEMAITRE VASCULAR INC LMAT,LMAT,1,
LENDINGCLUB CORPORATION LC,LC,1,
LENDINGTREE INC TREE,TREE,1,
LENNAR CORP CL A LEN,LEN,1,
LENNAR CORP CL B LEN.B,LEN-B,1,
LENNOX INTERNATIONAL IN LII,LII,1,
LEUCADIA NATIONAL CORP LUK,LUK,1,
LEVEL 3 COMMUNICATIONS LVLT,LVLT,1,
LEXICON PHARMACEUTICALS LXRX,LXRX,1,
LEXINGTON REALTY TRUST LXP,LXP,1,
LEXMARK INTERNATIONAL LXK,LXK,1,
LGI HOMES INC LGIH,LGIH,1,
LHC GROUP INC LHCG,LHCG,1,
LIBBEY INC LBY,LBY,1,
LIBERTY BROADBAND CL A LBRDA,LBRDA,1,
LIBERTY BROADBAND CL C LBRDK,LBRDK,1,
LIBERTY INTERACTIVE QVC QVCA,QVCA,1,
LIBERTY MEDIA CORP CL A LMCA,LMCA,1,
LIBERTY MEDIA CORP CL C LMCK,LMCK,1,
LIBERTY PROPERTY TRUST LPT,LPT,1,
LIBERTY TAX INC TAX,TAX,1,
LIBERTY TRIPADVISOR HLD LTRPA,LTRPA,1,
LIBERTY VENTURES LVNTA,LVNTA,1,
LIFELOCK INC LOCK,LOCK,1,
LIFEPOINT HEALTH INC LPNT,LPNT,1,
LIFETIME BRANDS INC LCUT,LCUT,1,
LIFEWAY FOODS INC LWAY,LWAY,1,
LIGAND PHARMACEUTICALS LGND,LGND,1,
LILLY ELI & CO LLY,LLY,1,
LIMELIGHT NETWORKS INC LLNW,LLNW,1,
LIMONEIRA CO LMNR,LMNR,1,
LINCOLN ELECTRIC HLDGS LECO,LECO,1,
LINCOLN NATIONAL CORP LNC,LNC,1,
LINDSAY CORP LNN,LNN,1,
LINEAR TECHNOLOGY CO LLTC,LLTC,1,
LINKEDIN CORP LNKD,LNKD,1,
LION BIOTECHNOLOGIES IN LBIO,LBIO,1,
LIONBRIDGE TECHNOLOGIES LIOX,LIOX,1,
LIONS GATE ENTMNT CORP LGF,LGF,1,
LIQUIDITY SERVICES INC LQDT,LQDT,1,
LITHIA MOTORS INC LAD,LAD,1,
LITTELFUSE INC LFUS,LFUS,1,
LIVE NATION ENT INC LYV,LYV,1,
LIVEPERSON INC LPSN,LPSN,1,
LKQ CORP LKQ,LKQ,1,
LOCKHEED MARTIN CORP LMT,LMT,1,
LOEWS CORP L,L,1,
LOGMEIN INC LOGM,LOGM,1,
LORAL SPACE & COMM LORL,LORL,1,
LOUISIANA PACIFIC CORP LPX,LPX,1,
LOWES COS INC LOW,LOW,1,
LOXO ONCOLOGY INC LOXO,LOXO,1,
LPL FINANCIAL HOLDINGS LPLA,LPLA,1,
LSB INDUSTRIES INC LXU,LXU,1,
LSI INDUSTRIES INC LYTS,LYTS,1,
LTC PROPERTIES INC LTC,LTC,1,
LULULEMON ATHLETICA INC LULU,LULU,1,
LUMBER LIQUIDATORS HLDG LL,LL,1,
LUMINEX CORP LMNX,LMNX,1,
LUMOS NETWORKS CORP LMOS,LMOS,1,
LUXOFT HOLDING INC LXFT,LXFT,1,
LYDALL INC LDL,LDL,1,
LYONDELLBASELL INDS LYB,LYB,1,
M & T BANK CORP MTB,MTB,1,
M/I HOMES INC MHO,MHO,1,
MA COM TECHNOLOGY SOL MTSI,MTSI,1,
MACERICH CO MAC,MAC,1,
MACK CALI REALTY CORP CLI,CLI,1,
MACQUARIE INFRASTRUCTUR MIC,MIC,1,
MACROGENICS INC MGNX,MGNX,1,
MACYS INC M,M,1,
MADDEN STEVEN LTD SHOO,SHOO,1,
MADISON SQUARE GARDEN MSG,MSGN,1,changed name
MAGELLAN HEALTH INC MGLN,MGLN,1,
MAGNUM HUNTER RES CORP MHR,MHR,0,delisted
MAIDEN HOLDINGS LTD MHLD,MHLD,1,
MAINSOURCE FINANCIAL GR MSFG,MSFG,1,
MALIBU BOATS INC MBUU,MBUU,1,
MALLINCKRODT PLC MNK,MNK,1,
MANHATTAN ASSOCS INC MANH,MANH,1,
MANITOWOC CO INC MTW,MTW,1,
MANNKIND CORP MNKD,MNKD,1,
MANPOWERGROUP MAN,MAN,1,
MANTECH INTERNATIONAL MANT,MANT,1,
MARATHON OIL CORP MRO,MRO,1,
MARATHON PETROLEUM CORP MPC,MPC,1,
MARCHEX INC MCHX,MCHX,1,
MARCUS & MILLICHAP MMI,MMI,1,
MARCUS CORP MCS,MCS,1,
MARIN SOFTWARE INC MRIN,MRIN,1,
MARINE PRODUCTS CORP MPX,MPX,1,
MARINEMAX INC HZO,HZO,1,
MARKEL CORP MKL,MKL,1,
MARKETAXESS HOLDINGS IN MKTX,MKTX,1,
MARKETO INC MKTO,MKTO,1,
MARLIN BUSINESS SVCS MRLN,MRLN,1,
MARRIOTT INTL INC MAR,MAR,1,
MARRIOTT VAC WORLD CORP VAC,VAC,1,
MARSH & MCLENNAN COS MMC,MMC,1,
MARTEN TRANS LTD MRTN,MRTN,1,
MARTHA STEWART LIVING MSO,MSO,0,acquired
MARTIN MARIETTA MTLS MLM,MLM,1,
MARVELL TECHNOLOGY GROU MRVL,MRVL,1,
MASCO CORP MAS,MAS,1,
MASIMO CORPORATION MASI,MASI,1,
MASONITE INTL CORP DOOR,DOOR,1,
MASTEC INC MTZ,MTZ,1,
MASTERCARD INC MA,MA,1,
MATADOR RES CO MTDR,MTDR,1,
MATERION CORPORATION MTRN,MTRN,1,
MATRIX SERVICE CO MTRX,MTRX,1,
MATSON INC MATX,MATX,1,
MATTEL INC MAT,MAT,1,
MATTHEWS INTERNATIONAL MATW,MATW,1,
MATTRESS FIRM HLDG CORP MFRM,MFRM,1,
MATTSON TECHNOLOGY INC MTSN,MTSN,1,
MAXIM INTEGRATED PRODS MXIM,MXIM,1,
MAXIMUS INC MMS,MMS,1,
MAXLINEAR INC MXL,MXL,1,
MAXPOINT INTERACTIVE IN MXPT,MXPT,1,
MB FINANCIAL INC MBFI,MBFI,1,
MBIA INC MBI,MBI,1,
MCCORMICK & CO INC MKC,MKC,1,
MCDERMOTT INTL INC MDR,MDR,1,
MCDONALDS CORP MCD,MCD,1,
MCGRATH RENTCORP MGRC,MGRC,1,
MCGRAW HILL FINL INC MHFI,MHFI,1,
MCKESSON CORP MCK,MCK,1,
MDC CORP MDCA,MDCA,1,
MDC HOLDINGS INC MDC,MDC,1,
MDU RESOURCES GROUP INC MDU,MDU,1,
MEAD JOHNSON NUTRITION MJN,MJN,1,
MEADOWBROOK INS GROUP MIG,MIG,0,acquired
MEADWESTVACO CORP MWV,MWV,0,acquired
MEDASSETS INC MDAS,MDAS,0,acquired
MEDGENICS INC MDGN,MDGN,1,
MEDIA GENERAL INC MEG,MEG,1,
MEDICAL PROPERTIES TRUS MPW,MPW,1,
MEDICINES CO MDCO,MDCO,1,
MEDIDATA SOLUTIONS INC MDSO,MDSO,1,
MEDIFAST INC MED,MED,1,
MEDIVATION INC MDVN,MDVN,1,
MEDLEY MANAGEMENT INC MDLY,MDLY,1,
MEDNAX INC MD,MD,1,
MEDTRONIC PLC MDT,MDT,1,
MEMORIAL RESOURCE DEV MRD,MRD,1,
MENS WEARHOUSE INC MW,MW,1,
MENTOR GRAPHICS CORP MENT,MENT,1,
MERCANTILE BANK CORP MBWM,MBWM,1,
MERCHANTS BANCSHARES MBVT,MBVT,1,
MERCK & CO INC MRK,MRK,1,
MERCURY GENERAL CORP MCY,MCY,1,
MERCURY SYSTEMS INC MRCY,MRCY,1,
MEREDITH CORP MDP,MDP,1,
MERGE HEALTHCARE INC MRGE,MRGE,0,acquired
MERIDIAN BANCORP INC EBSB,EBSB,1,
MERIDIAN BIOSCIENCE INC VIVO,VIVO,1,
MERIT MED SYSTEMS INC MMSI,MMSI,1,
MERITAGE HOMES CORP MTH,MTH,1,
MERITOR INC MTOR,MTOR,1,
MERRIMACK PHARMACEUTICA MACK,MACK,1,
MESA LABS INC MLAB,MLAB,1,
META FINANCIAL GROUP IN CASH,CASH,1,
METALDYNE PERFORM GROUP MPG,MPG,1,
METHODE ELECTRS INC MEI,MEI,1,
METLIFE INC MET,MET,1,
METRO BANCORP INC METR,METR,1,
METTLER TOLEDO INTL INC MTD,MTD,1,
MFA FINANCIAL INC MFA,MFA,1,
MGE ENERGY INC MGEE,MGEE,1,
MGIC INVESTMENT CORP MTG,MTG,1,
MGM RESORTS INTL MGM,MGM,1,
MGP INGREDIENTS INC MGPI,MGPI,1,
MICHAEL KORS HLDGS LTD KORS,KORS,1,
MICHAELS COS INC/THE MIK,MIK,1,
MICREL INC MCRL,MCRL,0,acquired
MICROCHIP TECHNOLOGY MCHP,MCHP,1,
MICRON TECHNOLOGY INC MU,MU,1,
MICROSEMI CORP MSCC,MSCC,1,
MICROSOFT CORP MSFT,MSFT,1,
MICROSTRATEGY INC MSTR,MSTR,1,
MID-AMER APT CMNTYS MAA,MAA,1,
MIDDLEBY CORP MIDD,MIDD,1,
MIDDLESEX WATER CO MSEX,MSEX,1,
MIDWESTONE FINL GROUP MOFG,MOFG,1,
MILLENNIAL MEDIA INC MM,MM,0,acquired
MILLER INDUSTRIES INC MLR,MLR,1,
MIMEDX GROUP INC MDXG,MDXG,1,
MINERALS TECHNOLOGIES MTX,MTX,1,
MIRATI THERAPEUTICS INC MRTX,MRTX,1,
MISTRAS GROUP INC MG,MG,1,
MKS INSTRUMENTS INC MKSI,MKSI,1,
MOBILE MINI INC MINI,MINI,1,
MOBILEIRON INC MOBL,MOBL,1,
MODEL N INC MODN,MODN,1,
MODINE MANUFACTURING CO MOD,MOD,1,
MODUSLINK GLB SOLUTIONS MLNK,MLNK,1,
MOELIS & CO MC,MC,1,
MOHAWK INDUSTRIES INC MHK,MHK,1,
MOLINA HEALTHCARE INC MOH,MOH,1,
MOLSON COORS BREWING CO TAP,TAP,1,
MOMENTA PHARMACEUTICALS MNTA,MNTA,1,
MONARCH CASINO & RESORT MCRI,MCRI,1,
MONDELEZ INTERNATIONAL MDLZ,MDLZ,1,
MONEYGRAM INTERNATIONAL MGI,MGI,1,
MONMOUTH REAL ESTATE MNR,MNR,1,
MONOGRAM RESIDENTIAL TR MORE,MORE,1,
MONOLITHIC POWER SYSTEM MPWR,MPWR,1,
MONOTYPE IMAGING HLDG TYPE,TYPE,1,
MONRO MUFFLER BRAKE INC MNRO,MNRO,1,
MONSANTO CO MON,MON,1,
MONSTER BEVERAGE CORP MNST,MNST,1,
MONSTER WORLDWIDE INC MWW,MWW,1,
MONTPELIER RE HOLDINGS MRH,MRH,0,acquired
MOODYS CORP MCO,MCO,1,
MOOG INC MOG.A,MOG-A,1,
MORGAN STANLEY MS,MS,1,
MORGANS HOTEL GROUP CO MHGC,MHGC,1,
MORNINGSTAR INC MORN,MORN,1,
MOSAIC COMPANY MOS,MOS,1,
MOTORCAR PTS AMERICA IN MPAA,MPAA,1,
MOTOROLA SOLUTIONS INC MSI,MSI,1,
MOVADO GROUP INC MOV,MOV,1,
MRC GLOBAL INC MRC,MRC,1,
MSA SAFETY INC MSA,MSA,1,
MSC INDL DIRECT INC MSM,MSM,1,
MSCI INC MSCI,MSCI,1,
MTS SYSTEMS CORP MTSC,MTSC,1,
MUELLER INDUSTRIES INC MLI,MLI,1,
MUELLER WTR PRODS INC MWA,MWA,1,
MULTI COLOR CORP LABL,LABL,1,
MULTI-FINELINE ELECTRON MFLX,MFLX,1,
MURPHY OIL CORP MUR,MUR,1,
MURPHY USA INC MUSA,MUSA,1,
MYERS INDUSTRIES INC MYE,MYE,1,
MYLAN NV MYL,MYL,1,
MYR GROUP INC MYRG,MYRG,1,
MYRIAD GENETICS INC MYGN,MYGN,1,
NABORS INDUSTRIES LTD NBR,NBR,1,
NACCO INDUSTRIES INC NC,NC,1,
NANOMETRICS INC NANO,NANO,1,
NANOSTRING TECH INC NSTG,NSTG,1,
NASDAQ OMX GROUP INC NDAQ,NDAQ,1,
NATIONAL BANK HOLDINGS NBHC,NBHC,1,
NATIONAL BANKSHARES INC NKSH,NKSH,1,
NATIONAL BEVERAGE CORP FIZZ,FIZZ,1,
NATIONAL CINEMEDIA INC NCMI,NCMI,1,
NATIONAL COMM CORP NCOM,NCOM,1,
NATIONAL FUEL GAS CO NFG,NFG,1,
NATIONAL GEN HLDGS CORP NGHC,NGHC,1,
NATIONAL HEALTH INVS IN NHI,NHI,1,
NATIONAL HEALTHCARE COR NHC,NHC,1,
NATIONAL INSTRS CORP NATI,NATI,1,
NATIONAL INTERSTATE COR NATL,NATL,1,
NATIONAL OILWELL VARCO NOV,NOV,1,
NATIONAL PENN BANCSHARE NPBC,NPBC,1,
NATIONAL PRESTO INDS IN NPK,NPK,1,
NATIONAL RESEARCH CORP NRCIA,NRCIA,1,
NATIONAL RETAIL PPTYS NNN,NNN,1,
NATIONAL STORAGE AFFIL NSA,NSA,1,
NATIONAL WESTRN LIFE IN NWLI,NWLI,1,
NATIONSTAR MTG HLDGS IN NSM,NSM,1,
NATURAL GAS SERVICES GR NGS,NGS,1,
NATURAL GROCERS VITA CT NGVC,NGVC,1,
NATURAL HEALTH TRENDS C NHTC,NHTC,1,
NATURES SUNSHINE PRODS NATR,NATR,1,
NATUS MEDICAL INC BABY,BABY,1,
NAUTILUS INC NLS,NLS,1,
NAVIDEA BIOPHARMA INC NAVB,NAVB,1,
NAVIENT CORPORATION NAVI,NAVI,1,
NAVIGANT CONSULTING INC NCI,NCI,1,
NAVIGATORS GROUP INC NAVG,NAVG,1,
NAVIOS MARITIME ACQUIS NNA,NNA,1,
NAVIOS MARITIME HOLDING NM,NM,1,
NAVISTAR INTL CORP NAV,NAV,1,
NBT BANCORP INC NBTB,NBTB,1,
NCI BUILDING SYSTEMS IN NCS,NCS,1,
NCR CORP NCR,NCR,1,
NEENAH PAPER INC NP,NP,1,
NEFF CORP NEFF,NEFF,1,
NEKTAR THERAPEUTICS NKTR,NKTR,1,
NELNET INC NNI,NNI,1,
NEOGEN CORP NEOG,NEOG,1,
NEOGENOMICS INC NEO,NEO,1,
NEOPHOTONICS CORP NPTN,NPTN,1,
NETAPP INC NTAP,NTAP,1,
NETFLIX INC NFLX,NFLX,1,
NETGEAR INC NTGR,NTGR,1,
NETSCOUT SYSTEMS INC NTCT,NTCT,1,
NETSUITE INC N,N,1,
NEUROCRINE BIOSCIENCES NBIX,NBIX,1,
NEUSTAR INC NSR,NSR,1,
NEVRO CORP NVRO,NVRO,1,
NEW HOME COMPANY INC NWHM,NWHM,1,
NEW JERSEY RESOURCES NJR,NJR,1,
NEW MEDIA INVT GROUP IN NEWM,NEWM,1,
NEW RELIC INC NEWR,NEWR,1,
NEW RESIDENTIAL INVT NRZ,NRZ,1,
NEW SR INVT GROUP INC SNR,SNR,1,
NEW YORK CMNTY BANCORP NYCB,NYCB,1,
NEW YORK MTG TR INC NYMT,NYMT,1,
NEW YORK REIT INC NYRT,NYRT,1,
NEW YORK TIMES CO NYT,NYT,1,
NEWBRIDGE BANCORP NBBC,NBBC,1,
NEWELL RUBBERMAID INC NWL,NWL,1,
NEWFIELD EXPLORATION CO NFX,NFX,1,
NEWLINK GENETICS CORP NLNK,NLNK,1,
NEWMARKET CORPORATION NEU,NEU,1,
NEWMONT MINING CORP NEM,NEM,1,
NEWPARK RESOURCES INC NR,NR,1,
NEWPORT CORP NEWP,NEWP,1,
NEWS CORP CL A NWSA,NWSA,1,
NEWS CORP CL B NWS,NWS,1,
NEWSTAR FINANCIAL INC NEWS,NEWS,1,
NEXPOINT RESIDENTIAL TR NXRT,NXRT,1,
NEXSTAR BROADCASTING GR NXST,NXST,1,
NEXTERA ENERGY INC NEE,NEE,1,
NIC INC EGOV,EGOV,1,
NIELSEN NV NLSN,NLSN,1,
NIKE INC NKE,NKE,1,
NIMBLE STORAGE INC NMBL,NMBL,1,
NISOURCE INC NI,NI,1,
NL INDUSTRIES INC NL,NL,1,
NMI HLDGS INC NMIH,NMIH,1,
NN INC NNBR,NNBR,1,
NOBILIS HEALTH CORP HLTH,HLTH,1,
NOBLE CORPORATION PLC NE,NE,1,
NOBLE ENERGY INC NBL,NBL,1,
NOODLES & COMPANY NDLS,NDLS,1,
NORDIC AMERICAN OFFSHOR NAO,NAO,1,
NORDIC AMERICAN TANKER NAT,NAT,1,
NORDSON CORP NDSN,NDSN,1,
NORDSTROM INC JWN,JWN,1,
NORFOLK SOUTHERN CORP NSC,NSC,1,
NORTEK INC NTK,NTK,1,
NORTH ATLANTIC DRILLING NADL,NADL,1,
NORTHERN OIL & GAS INC NOG,NOG,1,
NORTHERN TRUST CORP NTRS,NTRS,1,
NORTHFIELD BANCORP INC NFBK,NFBK,1,
NORTHROP GRUMMAN CORP NOC,NOC,1,
NORTHSTAR ASSET MGMT GR NSAM,NSAM,1,
NORTHSTAR REALTY FINANC NRF,NRF,1,
NORTHWEST BANCSHARES IN NWBI,NWBI,1,
NORTHWEST BIOTHERAPEUTI NWBO,NWBO,1,
NORTHWEST NATURAL GAS C NWN,NWN,1,
NORTHWEST PIPE CO NWPX,NWPX,1,
NORTHWESTERN CORP NWE,NWE,1,
NORWEGIAN CRUISE LINE NCLH,NCLH,1,
NOVATEL WIRELESS INC MIFI,MIFI,1,
NOVAVAX INC NVAX,NVAX,1,
NOW INC DNOW,DNOW,1,
NRG ENERGY INC NRG,NRG,1,
NRG YIELD INC CL A NYLD.A,NYLD,1,unclear
NRG YIELD INC CL C NYLD,NYLD,1,
NTELOS HOLDINGS CORP NTLS,NTLS,1,
NU SKIN ENTERPRISES NUS,NUS,1,
NUANCE COMMUNICATIONS NUAN,NUAN,1,
NUCOR CORP NUE,NUE,1,
NUTRACEUTICAL INTL CORP NUTR,NUTR,1,
NUTRI SYSTEM INC NTRI,NTRI,1,
NUVASIVE INC NUVA,NUVA,1,
NV5 HLDGS INC NVEE,NVEE,1,
NVE CORP NVEC,NVEC,1,
NVIDIA CORP NVDA,NVDA,1,
NVR INC NVR,NVR,1,
NXSTAGE MEDICAL INC NXTM,NXTM,1,
O REILLY AUTOMOTIVE INC ORLY,ORLY,1,
OASIS PETE INC OAS,OAS,1,
OCATA THERAPEUTICS INC OCAT,OCAT,1,
OCCIDENTAL PETE CORP OXY,OXY,1,
OCEANEERING INTL INC OII,OII,1,
OCEANFIRST FINANCIAL OCFC,OCFC,1,
OCLARO INC OCLR,OCLR,1,
OCULAR THERAPEUTIX INC OCUL,OCUL,1,
OCWEN FINANCIAL CORP OCN,OCN,1,
OFFICE DEPOT INC ODP,ODP,1,
OFG BANCORP OFG,OFG,1,
OGE ENERGY CORP OGE,OGE,1,
OIL DRI CORP OF AMERICA ODC,ODC,1,
OIL STATES INTERNATIONA OIS,OIS,1,
OLD DOMINION FREIGHT ODFL,ODFL,1,
OLD NATIONAL BANCORP ONB,ONB,1,
OLD REPUBLIC INTL CORP ORI,ORI,1,
OLD SECOND BANCORP INC OSBC,OSBC,1,
OLIN CORP OLN,OLN,1,
OLYMPIC STEEL INC ZEUS,ZEUS,1,
OM ASSET MANAGEMENT OMAM,OMAM,1,
OM GROUP INC OMG,OMG,0,acquired
OMEGA FLEX INC OFLX,OFLX,1,
OMEGA HEALTHCARE INVS OHI,OHI,1,
OMEGA PROTEIN CORP OME,OME,1,
OMEROS CORP OMER,OMER,1,
OMNICARE INC OCR,OCR,0,acquired
OMNICELL INC OMCL,OMCL,1,
OMNICOM GROUP INC OMC,OMC,1,
OMNIVISION TECHNOLOGIES OVTI,OVTI,1,
OMNOVA SOLUTIONS INC OMN,OMN,1,
ON ASSIGNMENT INC ASGN,ASGN,1,
ON DECK CAPITAL INC ONDK,ONDK,1,
ON SEMICONDUCTOR CORP ON,ON,1,
ONCOMED PHARMACEUTICALS OMED,OMED,1,
ONCOTHYREON INC ONTY,ONTY,1,
ONE GAS INC OGS,OGS,1,
ONE LIBERTY PROPERTIES OLP,OLP,1,
ONEBEACON INSURANCE GRP OB,OB,1,
ONEOK INC OKE,OKE,1,
OPHTHOTECH CORP OPHT,OPHT,1,
OPKO HEALTH INC OPK,OPK,1,
OPOWER INC OPWR,OPWR,1,
OPPENHEIMER HOLDINGS IN OPY,OPY,1,
OPUS BK IRVINE CALIF OPB,OPB,1,
ORACLE CORP ORCL,ORCL,1,
ORASURE TECHNOLOGIES IN OSUR,OSUR,1,
ORBCOMM INC ORBC,ORBC,1,
ORBITAL ATK INC OA,OA,1,
ORBITZ WORLDWIDE INC OWW,OWW,0,acquired
ORCHID ISLAND CAPITAL ORC,ORC,1,
ORCHIDS PAPER PRODS COM TIS,TIS,1,
OREXIGEN THERAPEUTICS OREX,OREX,1,
ORGANOVO HLDGS INC ONVO,ONVO,1,
ORION MARINE GROUP INC ORN,ORN,1,
ORITANI FINANCIAL CORP ORIT,ORIT,1,
ORMAT TECHNOLOGIES INC ORA,ORA,1,
ORTHOFIX INTL NV OFIX,OFIX,1,
OSHKOSH CORP OSK,OSK,1,
OSI SYSTEMS INC OSIS,OSIS,1,
OSIRIS THERAPEUTICS OSIR,OSIR,1,
OTONOMY INC OTIC,OTIC,1,
OTTER TAIL CORP OTTR,OTTR,1,
OUTERWALL INC OUTR,OUTR,1,
OUTFRONT MEDIA INC OUT,OUT,1,
OVASCIENCE INC OVAS,OVAS,1,
OVERSTOCK COM INC OSTK,OSTK,1,
OWENS & MINOR INC OMI,OMI,1,
OWENS CORNING OC,OC,1,
OWENS ILLINOIS INC OI,OI,1,
OXFORD IMMUNOTEC GLOBAL OXFD,OXFD,1,
OXFORD INDUSTRIES INC OXM,OXM,1,
P A M TRANSN SVCS INC PTSI,PTSI,1,
P C CONNECTION PCCC,PCCC,1,
PACCAR INC PCAR,PCAR,1,
PACIFIC BIOSCIENCES CA PACB,PACB,1,
PACIFIC CONTINENTAL COR PCBK,PCBK,1,
PACIFIC DATAVISION INC PDVW,PDVW,1,
PACIFIC ETHANOL INC PEIX,PEIX,1,
PACIFIC PREMIER BANCORP PPBI,PPBI,1,
PACIRA PHARMACEUTICALS PCRX,PCRX,1,
PACKAGING CORP OF AMER PKG,PKG,1,
PACWEST BANCORP PACW,PACW,1,
PALL CORP PLL,PLL,0,acquired
PALMETTO BANCSHARES INC PLMT,PLMT,0,acquired
PALO ALTO NETWORKS INC PANW,PANW,1,
PANDORA MEDIA INC P,P,1,
PANERA BREAD CO PNRA,PNRA,1,
PANHANDLE OIL AND GAS PHX,PHX,1,
PAPA JOHNS INTERNATIONA PZZA,PZZA,1,
PAPA MURPHYS HLDGS INC FRSH,FRSH,1,
PAR PETE CORP PARR,PARR,1,
PARAMOUNT GROUP INC PGRE,PGRE,1,
PARATEK PHARMACEUTICALS PRTK,PRTK,1,
PAREXEL INTERNATIONAL PRXL,PRXL,1,
PARK CITY GROUP INC PCYG,PCYG,1,
PARK ELECTROCHEMICAL PKE,PKE,1,
PARK NATIONAL CORP PRK,PRK,1,
PARK OHIO HOLDINGS CORP PKOH,PKOH,1,
PARK STERLING CORP PSTB,PSTB,1,
PARKER DRILLING CO PKD,PKD,1,
PARKER HANNIFIN CORP PH,PH,1,
PARKWAY PROPERTIES INC PKY,PKY,1,
PARSLEY ENERGY INC PE,PE,1,
PARTNERRE LTD PRE,PRE,1,
PARTY CITY HOLDCO INC PRTY,PRTY,1,
PATRICK INDS INC PATK,PATK,1,
PATRIOT NATIONAL INC PN,PN,1,
PATTERN ENERGY GROUP IN PEGI,PEGI,1,
PATTERSON COS INC PDCO,PDCO,1,
PATTERSON UTI ENERGY PTEN,PTEN,1,
PAYCHEX INC PAYX,PAYX,1,
PAYCOM SOFTWARE INC PAYC,PAYC,1,
PAYLOCITY HLDG CORP PCTY,PCTY,1,
PBF ENERGY INC PBF,PBF,1,
PDC ENERGY INC PDCE,PDCE,1,
PDF SOLUTIONS INC PDFS,PDFS,1,
PDL BIOPHARMA INC PDLI,PDLI,1,
PEABODY ENERGY CORP BTU,BTU,1,
PEAPACK-GLADSTONE FINL PGC,PGC,1,
PEBBLEBROOK HOTEL TRUST PEB,PEB,1,
PEGASYSTEMS INC PEGA,PEGA,1,
PENDRELL CORPORATION PCO,PCO,1,
PENN NATIONAL GAMING IN PENN,PENN,1,
PENN VIRGINIA CORP PVA,PVA,0,delisted
PENNEY J C INC JCP,JCP,1,
PENNS WOODS BANCORP INC PWOD,PWOD,1,
PENNSYLVANIA REAL ESTAT PEI,PEI,1,
PENNYMAC FINL SVCS INC PFSI,PFSI,1,
PENNYMAC MORTGAGE INV PMT,PMT,1,
PENSKE AUTOMOTIVE GROUP PAG,PAG,1,
PENTAIR PLC PNR,PNR,1,
PEOPLES BANCORP INC PEBO,PEBO,1,
PEOPLES FINL SVCS CORP PFIS,PFIS,1,
PEOPLES UNITED FINANCIA PBCT,PBCT,1,
PEP BOYS MANNY MOE&J PBY,PBY,1,
PEPCO HOLDINGS INC POM,POM,1,
PEPSICO INC PEP,PEP,1,
PEREGRINE PHARMACEUTICA PPHM,PPHM,1,
PERFICIENT INC PRFT,PRFT,1,
PERFORMANCE SPORTS GROU PSG,PSG,1,
PERICOM SEMICONDUCTOR PSEM,PSEM,0,acquired
PERKINELMER INC PKI,PKI,1,
PERNIX THERAPEUTICS HLD PTX,PTX,1,
PERRIGO CO PLC PRGO,PRGO,1,
PETMED EXPRESS INC PETS,PETS,1,
PFENEX INC PFNX,PFNX,1,
PFIZER INC PFE,PFE,1,
PFSWEB INC PFSW,PFSW,1,
PG&E CORP PCG,PCG,1,
PGT INC PGTI,PGTI,1,
PHARMERICA CORP PMC,PMC,1,
PHH CORPORATION PHH,PHH,1,
PHI INC PHIIK,PHIIK,1,
PHIBRO ANIMAL HEALTH PAHC,PAHC,1,
PHILIP MORRIS INTL PM,PM,1,
PHILLIPS 66 PSX,PSX,1,
PHOTRONICS INC PLAB,PLAB,1,
PHYSICIANS REALTY TRUST DOC,DOC,1,
PICO HOLDINGS INC PICO,PICO,1,
PIEDMONT NAT GAS INC PNY,PNY,1,
PIEDMONT OFFICE RLTY TR PDM,PDM,1,
PIER 1 IMPORTS INC PIR,PIR,1,
PILGRIMS PRIDE CORP PPC,PPC,1,
PINNACLE ENTMT INC PNK,PNK,1,
PINNACLE FINANCIAL PNFP,PNFP,1,
PINNACLE FOODS INC PF,PF,1,
PINNACLE WEST CAPITAL C PNW,PNW,1,
PIONEER ENERGY SERVICES PES,PES,1,
PIONEER NAT RESOURCES C PXD,PXD,1,
PIPER JAFFRAY COMPANIES PJC,PJC,1,
PITNEY BOWES INC PBI,PBI,1,
PLANTRONICS INC PLT,PLT,1,
PLATFORM SPECIALTY PROD PAH,PAH,1,
PLEXUS CORP PLXS,PLXS,1,
PLUG POWER INC PLUG,PLUG,1,
PLUM CREEK TIMBER CO IN PCL,PCL,1,
PLY GEM HLDGS INC PGEM,PGEM,1,
PMC-SIERRA INC PMCS,PMCS,1,
PNC FINANCIAL SVCS GROU PNC,PNC,1,
PNM RESOURCES INC PNM,PNM,1,
POLARIS INDUSTRIES INC PII,PII,1,
POLYCOM INC PLCM,PLCM,1,
POLYONE CORP POL,POL,1,
POLYPORE INTL INC PPO,PPO,0,acquired
POOL CORP POOL,POOL,1,
POPEYES LOU KITCHEN INC PLKI,PLKI,1,
POPULAR INC BPOP,BPOP,1,
PORTLAND GEN ELEC CO POR,POR,1,
PORTOLA PHARMACEUTICALS PTLA,PTLA,1,
POST HOLDINGS INC POST,POST,1,
POST PROPERTIES INC PPS,PPS,1,
POTBELLY CORPORATION PBPB,PBPB,1,
POTLATCH CORP PCH,PCH,1,
POWELL INDUSTRIES INC POWL,POWL,1,
POWER INTEGRATIONS INC POWI,POWI,1,
POWER SOLUTIONS INTL IN PSIX,PSIX,1,
POWERSECURE INTL INC POWR,POWR,1,
POZEN INC POZN,POZN,1,
PPG INDUSTRIES INC PPG,PPG,1,
PPL CORP PPL,PPL,1,
PRA GROUP INC PRAA,PRAA,1,
PRA HEALTH SCIENCES INC PRAH,PRAH,1,
PRAXAIR INC PX,PX,1,
PRECISION CASTPARTS PCP,PCP,1,
PREFERRED APT CMNTYS IN APTS,APTS,1,
PREFERRED BANK PFBC,PFBC,1,
PREFORMED LINE PRODUCTS PLPC,PLPC,1,
PREMIER INC PINC,PINC,1,
PREMIERE GLOBAL SERVICE PGI,PGI,0,acquired
PRESS GANEY HLDGS INC PGND,PGND,1,
PRESTIGE BRANDS HOLDING PBH,PBH,1,
PRICE T ROWE GROUP INC TROW,TROW,1,
PRICESMART INC PSMT,PSMT,1,
PRIMERICA INC PRI,PRI,1,
PRIMORIS SVCS CORP PRIM,PRIM,1,
PRINCIPAL FINANCIAL GRP PFG,PFG,1,
PRIVATEBANCORP INC PVTB,PVTB,1,
PROASSURANCE CORP PRA,PRA,1,
PROCTER & GAMBLE CO PG,PG,1,
PROGENICS PHARMACEUTICA PGNX,PGNX,1,
PROGRESS SOFTWARE CORP PRGS,PRGS,1,
PROGRESSIVE CORP PGR,PGR,1,
PROLOGIS INC PLD,PLD,1,
PROOFPOINT INC PFPT,PFPT,1,
PROS HOLDINGS INC PRO,PRO,1,
PROSPERITY BANCSHARES PB,PB,1,
PROTEON THERAPEUTICS IN PRTO,PRTO,1,
PROTHENA CORP PLC PRTA,PRTA,1,
PROTO LABS INC PRLB,PRLB,1,
PROVIDENCE SERVICE CORP PRSC,PRSC,1,
PROVIDENT FINANCIAL SVC PFS,PFS,1,
PRUDENTIAL FINANCIAL IN PRU,PRU,1,
PS BUSINESS PARKS INC PSB,PSB,1,
PTC INC PTC,PTC,1,
PTC THERAPEUTICS INC PTCT,PTCT,1,
PUBLIC STORAGE INC PSA,PSA,1,
PUBLIC SVC ENTERPRISE PEG,PEG,1,
PULTEGROUP INC PHM,PHM,1,
PUMA BIOTECHNOLOGY INC PBYI,PBYI,1,
PVH CORP PVH,PVH,1,
PZENA INVESTMENT MGMT PZN,PZN,1,
Q2 HLDGS INC QTWO,QTWO,1,
QAD INC QADA,QADA,1,
QCR HOLDINGS INC QCRH,QCRH,1,
QEP RESOURCES INC QEP,QEP,1,
QIAGEN NV QGEN,QGEN,1,
QLIK TECHNOLOGIES INC QLIK,QLIK,1,
QLOGIC CORP QLGC,QLGC,1,
QORVO INC QRVO,QRVO,1,
QTS REALTY TRUST INC QTS,QTS,1,
QUAD / GRAPHICS INC QUAD,QUAD,1,
QUAKER CHEMICAL CORP KWR,KWR,1,
QUALCOMM INC QCOM,QCOM,1,
QUALITY DISTRIBUTION IN QLTY,QLTY,0,acquired
QUALITY SYSTEMS INC QSII,QSII,1,
QUALYS INC QLYS,QLYS,1,
QUANEX BUILDING PRODUCT NX,NX,1,
QUANTA SERVICES INC PWR,PWR,1,
QUANTUM CORP QTM,QTM,1,
QUEST DIAGNOSTICS INC DGX,DGX,1,
QUESTAR CORP STR,STR,1,
QUIDEL CORP QDEL,QDEL,1,
QUIKSILVER INC ZQK,ZQK,0,delisted
QUINSTREET INC QNST,QNST,1,
QUINTILES TRANSNATIONAL Q,Q,1,
RACKSPACE HOSTING INC RAX,RAX,1,
RADIAN GROUP INC RDN,RDN,1,
RADIANT LOGISTICS INC RLGT,RLGT,1,
RADIUS HEALTH INC RDUS,RDUS,1,
RADNET INC RDNT,RDNT,1,
RAIT FINANCIAL TRUST RAS,RAS,1,
RALLY SOFTWARE DEV CORP RALY,RALY,0,acquired
RALPH LAUREN CORP RL,RL,1,
RAMBUS INC RMBS,RMBS,1,
RAMCO-GERSHENSON PPTYS RPT,RPT,1,
RANGE RESOURCES CORP RRC,RRC,1,
RAPTOR PHARMACEUTICAL RPTP,RPTP,1,
RAVEN INDUSTRIES INC RAVN,RAVN,1,
RAYMOND JAMES FINANCIAL RJF,RJF,1,
RAYONIER ADV MATERIALS RYAM,RYAM,1,
RAYONIER INC RYN,RYN,1,
RAYTHEON CO RTN,RTN,1,
RBC BEARINGS INC ROLL,ROLL,1,
RCS CAPITAL CORP RCAP,RCAP,1,
RE/MAX HOLDINGS INC RMAX,RMAX,1,
READING INTERNATIONAL RDI,RDI,1,
REAL INDUSTRY INC RELY,RELY,1,
REALD INC RLD,RLD,1,
REALNETWORKS INC RNWK,RNWK,1,
REALOGY HOLDINGS CORP RLGY,RLGY,1,
REALPAGE INC RP,RP,1,
REALTY INCOME CORP O,O,1,
RECEPTOS INC RCPT,RCPT,0,acquired
RED HAT INC RHT,RHT,1,
RED ROBIN GOURMET BURGE RRGB,RRGB,1,
REDWOOD TRUST INC RWT,RWT,1,
REGAL BELOIT CORP RBC,RBC,1,
REGAL ENTMT GROUP RGC,RGC,1,
REGENCY CENTERS CORP REG,REG,1,
REGENERON PHARMACEUTICA REGN,REGN,1,
REGIONAL MGMT CORP RM,RM,1,
REGIONS FINANCIAL CORP RF,RF,1,
REGIS CORP RGS,RGS,1,
REGULUS THERAPEUTICS RGLS,RGLS,1,
REINSURANCE GRP OF AMER RGA,RGA,1,
REIS INC REIS,REIS,1,
RELIANCE STEEL & ALUM RS,RS,1,
RELYPSA INC RLYP,RLYP,1,
REMY INTL INC REMY,REMY,0,acquired
RENAISSANCERE HOLDINGS RNR,RNR,1,
RENASANT CORP RNST,RNST,1,
RENEWABLE ENER GROUP IN REGI,REGI,1,
RENT A CENTER INC RCII,RCII,1,
RENTECH INC RTK,RTK,1,
RENTRAK CORP RENT,RENT,1,
REPLIGEN CORP RGEN,RGEN,1,
REPUBLIC AIRWAYS HLD RJET,RJET,1,
REPUBLIC BANCORP INC KY RBCAA,RBCAA,1,
REPUBLIC SERVICES INC RSG,RSG,1,
RESMED INC RMD,RMD,1,
RESOURCE AMERICA INC REXI,REXI,1,
RESOURCE CAPITAL CORP RSO,RSO,1,
RESOURCES CONNECTION RECN,RECN,1,
RESTORATION HARDWARE RH,RH,1,
RETAIL OPPORTUNITY INVT ROIC,ROIC,1,
RETAIL PPTYS AMER INC RPAI,RPAI,1,
RETAILMENOT INC SALE,SALE,1,
RETROPHIN INC RTRX,RTRX,1,
REVANCE THERAPEUTICS IN RVNC,RVNC,1,
REVLON INC REV,REV,1,
REX AMERICAN RESOURCES REX,REX,1,
REX ENERGY CORP REXX,REXX,1,
REXFORD INDUSTRIAL RLTY REXR,REXR,1,
REXNORD CORP RXN,RXN,1,
REYNOLDS AMERICAN INC RAI,RAI,1,
RICE ENERGY INC RICE,RICE,1,
RIGEL PHARMACEUTICALS RIGL,RIGL,1,
RIGNET INC RNET,RNET,1,
RING ENERGY INC REI,REI,1,
RINGCENTRAL INC RNG,RNG,1,
RITE AID CORP RAD,RAD,1,
RLI CORP RLI,RLI,1,
RLJ LODGING TR RLJ,RLJ,1,
ROADRUNNER TRNSN SVCS RRTS,RRTS,1,
ROBERT HALF INTL INC RHI,RHI,1,
ROCKET FUEL INC FUEL,FUEL,1,
ROCK-TENN CO RKT,RKT,0,delisted
ROCKWELL AUTOMATION INC ROK,ROK,1,
ROCKWELL COLLINS INC COL,COL,1,
ROCKWELL MEDICAL INC RMTI,RMTI,1,
ROFIN SINAR TECHNOLOGIE RSTI,RSTI,1,
ROGERS CORP ROG,ROG,1,
ROLLINS INC ROL,ROL,1,
ROPER TECHNOLOGIES INC ROP,ROP,1,
ROSETTA RESOURCES INC ROSE,ROSE,0,acquired
ROSS STORES INC ROST,ROST,1,
ROUSE PROPERTIES INC RSE,RSE,1,
ROVI CORPORATION ROVI,ROVI,1,
ROWAN COMPANIES PLC RDC,RDC,1,
ROYAL CARIBBEAN CRUISES RCL,RCL,1,
ROYAL GOLD INC RGLD,RGLD,1,
RPC INC RES,RES,1,
RPM INTERNATIONAL INC RPM,RPM,1,
RPX CORP RPXC,RPXC,1,
RSP PERMIAN INC RSPP,RSPP,1,
RTI INTERNATIONAL METAL RTI,RTI,0,acquired
RTI SURGICAL INC RTIX,RTIX,1,
RUBICON PROJ INC RUBI,RUBI,1,
RUBY TUESDAY INC RT,RT,1,
RUCKUS WIRELESS INC RKUS,RKUS,1,
RUDOLPH TECHNOLOGIES IN RTEC,RTEC,1,
RUSH ENTERPRISES INC RUSHA,RUSHA,1,
RUTH'S HOSPITALITY GROU RUTH,RUTH,1,
RYDER SYSTEM INC R,R,1,
RYERSON HOLDING CORP RYI,RYI,1,
RYLAND GROUP INC RYL,RYL,0,acquired
RYMAN HOSPITALITY PPTYS RHP,RHP,1,
S & T BANCORP INC STBA,STBA,1,
SABRA HEALTH CARE REIT SBRA,SBRA,1,
SABRE CORP SABR,SABR,1,
SAFE BULKERS INC SB,SB,1,
SAFEGUARD SCIENTIFICS SFE,SFE,1,
SAFETY INSURANCE GRP IN SAFT,SAFT,1,
SAGA COMMUNICATIONS INC SGA,SGA,1,
SAGE THERAPEUTICS INC SAGE,SAGE,1,
SAGENT PHARMACEUTICALS SGNT,SGNT,1,
SAIA INC SAIA,SAIA,1,
SALESFORCE COM INC CRM,CRM,1,
SALLY BEAUTY HOLDINGS SBH,SBH,1,
SANCHEZ ENERGY CORP SN,SN,1,
SANDERSON FARMS INC SAFM,SAFM,1,
SANDISK CORP SNDK,SNDK,1,
SANDRIDGE ENERGY INC SD,SD,0,delisted
SANDY SPRING BANCORP SASR,SASR,1,
SANFILIPPO JOHN B & SON JBSS,JBSS,1,
SANGAMO BIOSCIENCES INC SGMO,SGMO,1,
SANMINA CORPORATION SANM,SANM,1,
SANTANDER CNSMR USA HLD SC,SC,1,
SAPIENS INTL CORP NV SPNS,SPNS,1,
SAREPTA THERAPEUTICS IN SRPT,SRPT,1,
SAUL CENTERS INC BFS,BFS,1,
SBA COMMUNICATIONS CORP SBAC,SBAC,1,
SCANA CORP SCG,SCG,1,
SCANSOURCE INC SCSC,SCSC,1,
SCHEIN HENRY INC HSIC,HSIC,1,
SCHLUMBERGER LTD SLB,SLB,1,
SCHNITZER STEEL INDS SCHN,SCHN,1,
SCHOLASTIC CORP SCHL,SCHL,1,
SCHULMAN A INC SHLM,SHLM,1,
SCHWAB CHARLES CORP SCHW,SCHW,1,
SCHWEITZER-MAUDUIT INTL SWM,SWM,1,
SCICLONE PHARMACEUTICAL SCLN,SCLN,1,
SCIENCE APPLICATIONS IN SAIC,SAIC,1,
SCIENTIFIC GAMES CORP SGMS,SGMS,1,
SCIQUEST INC SQI,SQI,1,
SCORPIO BULKERS INC SALT,SALT,1,
SCORPIO TANKERS INC STNG,STNG,1,
SCOTTS MIRACLE-GRO CO SMG,SMG,1,
SCRIPPS E W CO SSP,SSP,1,
SCRIPPS NTWK INTERACTIV SNI,SNI,1,
SEABOARD CORP SEB,SEB,1,
SEACHANGE INTERNATIONAL SEAC,SEAC,1,
SEACOAST BANKING CORP F SBCF,SBCF,1,
SEACOR HOLDINGS INC CKH,CKH,1,
SEADRILL LIMITED SDRL,SDRL,1,
SEALED AIR CORP SEE,SEE,1,
SEARS HOLDINGS CORP SHLD,SHLD,1,
SEATTLE GENETICS INC SGEN,SGEN,1,
SEAWORLD ENTMT INC SEAS,SEAS,1,
SECOND SIGHT MEDICAL EYES,EYES,1,
SEI INVESTMENTS CO SEIC,SEIC,1,
SELECT COMFORT CORP SCSS,SCSS,1,
SELECT INCOME REIT SIR,SIR,1,
SELECT MEDICAL HOLDINGS SEM,SEM,1,
SELECTIVE INSURANCE GRP SIGI,SIGI,1,
SEMGROUP CORP SEMG,SEMG,1,
SEMPRA ENERGY SRE,SRE,1,
SEMTECH CORP SMTC,SMTC,1,
SENECA FOODS CORP SENEA,SENEA,1,
SENIOR HOUSING PPTYS TR SNH,SNH,1,
SENOMYX INC SNMX,SNMX,1,
SENSIENT TECHNOLOGIES SXT,SXT,1,
SEQUENOM INC SQNM,SQNM,1,
SEQUENTIAL BRANDS GROUP SQBG,SQBG,1,
SERVICE CORP INTL SCI,SCI,1,
SERVICEMASTER GLOBAL SERV,SERV,1,
SERVICENOW INC NOW,NOW,1,
SERVICESOURCE INTL SREV,SREV,1,
SERVISFIRST BANCSHARES SFBS,SFBS,1,
SEVENTY SEVEN ENERGY SSE,SSE,1,
SFX ENTERTAINMENT INC SFXE,SFXE,1,
SHAKE SHACK INC SHAK,SHAK,1,
SHENANDOAH TELECOMM CO SHEN,SHEN,1,
SHERWIN WILLIAMS CO SHW,SHW,1,
SHIP FINANCE INTL SFL,SFL,1,
SHOE CARNIVAL INC SCVL,SCVL,1,
SHORETEL INC SHOR,SHOR,1,
SHUTTERFLY INC SFLY,SFLY,1,
SHUTTERSTOCK INC SSTK,SSTK,1,
SIENTRA INC SIEN,SIEN,1,
SIERRA BANCORP BSRR,BSRR,1,
SIGMA ALDRICH CORP SIAL,SIAL,0,acquired
SIGMA DESIGNS INC SIGM,SIGM,1,
SIGNATURE BANK SBNY,SBNY,1,
SIGNET JEWELERS LTD SIG,SIG,1,
SILGAN HOLDINGS INC SLGN,SLGN,1,
SILICON GRAPHICS INTL SGI,SGI,1,
SILICON LABORATORIES IN SLAB,SLAB,1,
SILVER BAY RLTY TR CORP SBY,SBY,1,
SILVER SPRING NETWORKS SSNI,SSNI,1,
SIMMONS FIRST NATIONAL SFNC,SFNC,1,
SIMON PROPERTY GROUP IN SPG,SPG,1,
SIMPSON MANUFACTURING SSD,SSD,1,
SINCLAIR BROADCAST GROU SBGI,SBGI,1,
SIRIUS XM HOLDINGS INC SIRI,SIRI,1,
SIRONA DENTAL SYS INC SIRO,SIRO,1,
SIX FLAGS ENTMT CORP SIX,SIX,1,
SIZMEK INC SZMK,SZMK,1,
SJW CORP SJW,SJW,1,
SKECHERS USA INC SKX,SKX,1,
SKULLCANDY INC SKUL,SKUL,1,
SKYWEST INC SKYW,SKYW,1,
SKYWORKS SOLUTIONS INC SWKS,SWKS,1,
SL GREEN REALTY CORP SLG,SLG,1,
SLM CORP SLM,SLM,1,
SM ENERGY CO SM,SM,1,
SMART & FINAL STORES IN SFS,SFS,1,
SMITH & WESSON HOLDING SWHC,SWHC,1,
SMITH A O CORP AOS,AOS,1,
SMUCKER J M CO SJM,SJM,1,
SNAP ON INC SNA,SNA,1,
SNYDER'S-LANCE INC LNCE,LNCE,1,
SOLARCITY CORP SCTY,SCTY,1,
SOLARWINDS INC SWI,SWI,1,
SOLAZYME INC SZYM,SZYM,1,
SOLERA HOLDINGS INC SLH,SLH,1,
SONIC AUTOMOTIVE INC SAH,SAH,1,
SONIC CORP SONC,SONC,1,
SONOCO PRODUCTS CO SON,SON,1,
SONUS NETWORKS INC SONS,SONS,1,
SORRENTO THERAPEUTICS SRNE,SRNE,1,
SOTHEBYS BID,BID,1,
SOUTH JERSEY INDUSTRIES SJI,SJI,1,
SOUTH STATE CORPORATION SSB,SSB,1,
SOUTHERN CO SO,SO,1,
SOUTHERN COPPER CORP SCCO,SCCO,1,
SOUTHSIDE BANCSHARES IN SBSI,SBSI,1,
SOUTHWEST AIRLINES CO LUV,LUV,1,
SOUTHWEST BANCORP INC O OKSB,OKSB,1,
SOUTHWEST GAS CORP SWX,SWX,1,
SOUTHWESTERN ENERGY CO SWN,SWN,1,
SOVRAN SELF STORAGE SSS,SSS,1,
SP PLUS CORPORATION SP,SP,1,
SPARK ENERGY INC SPKE,SPKE,1,
SPARK THERAPEUTICS INC ONCE,ONCE,1,
SPARTANNASH COMPANY SPTN,SPTN,1,
SPARTON CORP SPA,SPA,1,
SPECTRA ENERGY CORP SE,SE,1,
SPECTRANETICS CORP SPNC,SPNC,1,
SPECTRUM BRANDS HOLDING SPB,SPB,1,
SPECTRUM PHARMACEUTICAL SPPI,SPPI,1,
SPEEDWAY MOTORSPORTS IN TRK,TRK,1,
SPIRIT AEROSYSTEMS SPR,SPR,1,
SPIRIT AIRLS INC SAVE,SAVE,1,
SPIRIT RLTY CAP INC SRC,SRC,1,
SPLUNK INC SPLK,SPLK,1,
SPOK HOLDINGS INC SPOK,SPOK,1,
SPORTSMANS WHSE HLDGS SPWH,SPWH,1,
SPRINGLEAF HOLDINGS INC LEAF,OMF,1,renamed
SPRINT CORP S,S,1,
SPROUTS FRMRS MKT INC SFM,SFM,1,
SPS COMM INC SPSC,SPSC,1,
SPX CORP SPW,SPXC,1,renamed
SQUARE 1 FINL INC SQBK,SQBK,0,acquired
SS&C TECHNOLOGIES HLDGS SSNC,SSNC,1,
ST JOE CO JOE,JOE,1,
ST JUDE MEDICAL INC STJ,STJ,1,
STAAR SURGICAL CO STAA,STAA,1,
STAG INDL INC STAG,STAG,1,
STAGE STORES INC SSI,SSI,1,
STAMPS COM INC STMP,STMP,1,
STANCORP FINANCIAL GROU SFG,SFG,1,
STANDARD MOTOR PRODUCTS SMP,SMP,1,
STANDARD PACIFIC CORP SPF,CAA,1,renamed
STANDEX INTERNATIONAL SXI,SXI,1,
STANLEY BLACK & DECKER SWK,SWK,1,
STAPLES INC SPLS,SPLS,1,
STARBUCKS CORP SBUX,SBUX,1,
STARWOOD HOTELS & RESRT HOT,HOT,1,
STARWOOD PPTY TRUST INC STWD,STWD,1,
STARWOOD WAYPOINT TRUST SWAY,SFR,1,merger
STARZ STRZA,STRZA,1,
STATE AUTO FINANCIAL STFC,STFC,1,
STATE BK FINL CORP STBZ,STBZ,1,
STATE NATIONAL COMPANIE SNC,SNC,1,
STATE STREET CORP STT,STT,1,
STEEL DYNAMICS INC STLD,STLD,1,
STEELCASE INC SCS,SCS,1,
STEIN MART INC SMRT,SMRT,1,
STEINER LEISURE LTD STNR,STNR,0,acquired
STEMLINE THERAPEUTICS STML,STML,1,
STEPAN CO SCL,SCL,1,
STERICYCLE INC SRCL,SRCL,1,
STERIS CORP STE,STE,1,
STERLING BANCORP STL,STL,1,
STEWART INFORMATION STC,STC,1,
STIFEL FINANCIAL CORP SF,SF,1,
STILLWATER MINING CO SWC,SWC,1,
STOCK BUILDING SUP HLD STCK,STCK,1,
STOCK YARDS BANCORP INC SYBT,SYBT,1,
STONE ENERGY CORP SGY,SGY,1,
STONEGATE BANK SGBK,SGBK,1,
STONEGATE MORTGAGE CORP SGM,SGM,1,
STONERIDGE INC SRI,SRI,1,
STORE CAPITAL CORP STOR,STOR,1,
STRAIGHT PATH COMM INC STRP,STRP,1,
STRATASYS LTD SSYS,SSYS,1,
STRATEGIC HOTEL & RESOR BEE,BEE,0,acquired
STRATTEC SEC CORP STRT,STRT,1,
STRAYER EDUCATION INC STRA,STRA,1,
STRYKER CORP SYK,SYK,1,
STURM RUGER & CO INC RGR,RGR,1,
SUCAMPO PHARMA SCMP,SCMP,1,
SUFFOLK BANCORP SUBK,SCNB,1,renamed
SUMMIT HOTEL PPTYS INN,INN,1,
SUMMIT MATLS INC SUM,SUM,1,
SUN BANCORP INC NJ SNBC,SNBC,1,
SUN COMMUNITIES INC SUI,SUI,1,
SUN HYDRAULICS CORP SNHY,SNHY,1,
SUNCOKE ENERGY INC SXC,SXC,1,
SUNEDISON INC SUNE,SUNE,1,
SUNPOWER CORP SPWR,SPWR,1,
SUNSTONE HOTEL INVS INC SHO,SHO,1,
SUNTRUST BANKS INC STI,STI,1,
SUPER MICRO COMPUTER IN SMCI,SMCI,1,
SUPERIOR ENERGY SERVICE SPN,SPN,1,
SUPERIOR INDUSTRIES INT SUP,SUP,1,
SUPERIOR UNIFORM GROUP SGC,SGC,1,
SUPERNUS PHARMACEUTICAL SUPN,SUPN,1,
SUPERVALU INC SVU,SVU,1,
SURGICAL CARE AFFILIATE SCAI,SCAI,1,
SURMODICS INC SRDX,SRDX,1,
SUSQUEHANNA BANCSHARES SUSQ,SUSQ,0,acquired
SVB FINANCIAL GROUP SIVB,SIVB,1,
SWIFT TRANSN CO SWFT,SWFT,1,
SYKES ENTERPRISES INC SYKE,SYKE,1,
SYMANTEC CORP SYMC,SYMC,1,
SYMETRA FINANCIAL CORP SYA,SYA,1,
SYNAPTICS INC SYNA,SYNA,1,
SYNCHRONOSS TECHNOLOGY SNCR,SNCR,1,
SYNCHRONY FINANCIAL SYF,SYF,1,
SYNERGY PHARMACEUTICALS SGYP,SGYP,1,
SYNERGY RES CORP SYRG,SYRG,1,
SYNNEX CORP SNX,SNX,1,
SYNOPSYS INC SNPS,SNPS,1,
SYNOVUS FINANCIAL CORP SNV,SNV,1,
SYNTA PHARMA CORP SNTA,SNTA,1,
SYNTEL INC SYNT,SYNT,1,
SYNUTRA INTL INC SYUT,SYUT,1,
SYSCO CORP SYY,SYY,1,
SYSTEMAX INC SYX,SYX,1,
T2 BIOSYSTEMS INC TTOO,TTOO,1,
TABLEAU SOFTWARE INC DATA,DATA,1,
TAHOE RES INC TAHO,TAHO,1,
TAKE-TWO INTERACTIVE TTWO,TTWO,1,
TAL INTERNATIONAL GROUP TAL,TAL,1,
TALEN ENERGY CORP TLN,TLN,1,
TALMER BANCORP INC TLMR,TLMR,1,
TANDEM DIABETES CARE IN TNDM,TNDM,1,
TANGER FACTORY OUTLET SKT,SKT,1,
TANGOE INC TNGO,TNGO,1,
TARGA RESOURCES INC TRGP,TRGP,1,
TARGET CORP TGT,TGT,1,
TASER INTL INC TASR,TASR,1,
TAUBMAN CENTERS INC TCO,TCO,1,
TAYLOR MORRISON HOME TMHC,TMHC,1,
TCF FINANCIAL CORP TCB,TCB,1,
TD AMERITRADE HOLDING AMTD,AMTD,1,
TEAM HEALTH HOLDINGS IN TMH,TMH,1,
TEAM INC TISI,TISI,1,
TECH DATA CORP TECD,TECD,1,
TECHTARGET INC TTGT,TTGT,1,
TECO ENERGY INC TE,TE,1,
TEEKAY CORP TK,TK,1,
TEEKAY TANKERS LTD TNK,TNK,1,
TEJON RANCH CO TRC,TRC,1,
TELECOMMUNICATION SYSTE TSYS,TSYS,1,
TELEDYNE TECHNOLOGIES TDY,TDY,1,
TELEFLEX INC TFX,TFX,1,
TELENAV INC TNAV,TNAV,1,
TELEPHONE & DATA SYSTEM TDS,TDS,1,
TELETECH HOLDINGS INC TTEC,TTEC,1,
TEMPUR SEALY INTL INC TPX,TPX,1,
TENET HEALTHCARE CORP THC,THC,1,
TENNANT CO TNC,TNC,1,
TENNECO INC TEN,TEN,1,
TERADATA CORP TDC,TDC,1,
TERADYNE INC TER,TER,1,
TEREX CORP TEX,TEX,1,
TERRAFORM POWER INC TERP,TERP,1,
TERRENO REALTY CORP TRNO,TRNO,1,
TERRITORIAL BANCORP INC TBNK,TBNK,1,
TESARO INC TSRO,TSRO,1,
TESCO CORP TESO,TESO,1,
TESLA MTRS INC TSLA,TSLA,1,
TESORO CORP TSO,TSO,1,
TESSERA TECHNOLOGIES IN TSRA,TSRA,1,
TETRA TECH INC TTEK,TTEK,1,
TETRA TECHNOLOGIES INC TTI,TTI,1,
TETRAPHASE PHARMA INC TTPH,TTPH,1,
TEXAS CAPITAL BANCSHARE TCBI,TCBI,1,
TEXAS INSTRUMENTS INC TXN,TXN,1,
TEXAS ROADHOUSE INC TXRH,TXRH,1,
TEXTAINER GROUP HLDGS TGH,TGH,1,
TEXTRON INC TXT,TXT,1,
TEXTURA CORPORATION TXTR,TXTR,1,
TFS FINL CORP TFSL,TFSL,1,
TG THERAPEUTICS INC TGTX,TGTX,1,
THE CONTAINER STORE GRP TCS,TCS,1,
THE PRICELINE GROUP INC PCLN,PCLN,1,
THE WENDY'S COMPANY WEN,WEN,1,
THERAPEUTICSMD INC TXMD,TXMD,1,
THERAVANCE BIOPHARMA IN TBPH,TBPH,1,
THERAVANCE INC THRX,INVA,1,renamed
THERMO FISHER SCIENTIFI TMO,TMO,1,
THERMON GROUP HLDGS INC THR,THR,1,
THIRD POINT REINSURANCE TPRE,TPRE,1,
THOMSON REUTERS CORP TRI,TRI,1,
THOR INDUSTRIES INC THO,THO,1,
THORATEC CORP THOR,THOR,0,acquired
THRESHOLD PHARMACEUTICA THLD,THLD,1,
TIDEWATER INC TDW,TDW,1,
TIFFANY & CO TIF,TIF,1,
TILE SHOP HLDGS INC TTS,TTS,1,
TILLYS INC TLYS,TLYS,1,
TIME INC TIME,TIME,1,
TIME WARNER CABLE INC TWC,TWC,1,
TIME WARNER INC TWX,TWX,1,
TIMKEN CO TKR,TKR,1,
TIMKENSTEEL CORPORATION TMST,TMST,1,
TIPTREE FINANCIAL INC TIPT,TIPT,1,
TITAN INTERNATIONAL INC TWI,TWI,1,
TITAN MACHINERY INC TITN,TITN,1,
TIVO INC TIVO,TIVO,1,
TJX COMPANIES INC TJX,TJX,1,
T-MOBILE US INC TMUS,TMUS,1,
TOBIRA THERAPEUTICS INC TBRA,TBRA,1,
TOKAI PHARMACEUTICALS TKAI,TKAI,1,
TOLL BROTHERS INC TOL,TOL,1,
TOMPKINS FINANCIAL CORP TMP,TMP,1,
TOOTSIE ROLL INDUSTRIES TR,TR,1,
TORCHMARK CORP TMK,TMK,1,
TORNIER NV TRNX,WMGI,1,renamed
TORO CO TTC,TTC,1,
TOTAL SYSTEM SERVICES TSS,TSS,1,
TOWER INTERNATIONAL INC TOWR,TOWR,1,
TOWERS WATSON & COMPANY TW,TW,0,"missing days, error?"
TOWNEBANK PORTSMOUTH VA TOWN,TOWN,1,
TOWNSQUARE MEDIA INC TSQ,TSQ,1,
TRACTOR SUPPLY CO TSCO,TSCO,1,
TRADE STREET RESIDENTIA TSRE,TSRE,0,acquired
TRANSATLANTIC PETROLEUM TAT,TAT,1,
TRANSDIGM GROUP INC TDG,TDG,1,
TRANSENTERIX INC TRXC,TRXC,1,
TRAVELERS COS INC TRV,TRV,1,
TRAVELPORT WORLDWIDE LT TVPT,TVPT,1,
TRAVELZOO INC TZOO,TZOO,1,
TRC COS INC TRR,TRR,1,
TRECORA RESOURCES TREC,TREC,1,
TREDEGAR CORP TG,TG,1,
TREEHOUSE FOODS INC THS,THS,1,
TREVENA INC TRVN,TRVN,1,
TREX INC TREX,TREX,1,
TRI POINTE HOMES INC TPH,TPH,1,
TRIANGLE PETE CORP TPLM,TPLM,1,
TRIBUNE MEDIA CO TRCO,TRCO,1,
TRIBUNE PUBG CO TPUB,TPUB,1,
TRICO BANCSHARES TCBK,TCBK,1,
TRIMAS CORP TRS,TRS,1,
TRIMBLE NAVIGATION LTD TRMB,TRMB,1,
TRINET GROUP INC TNET,TNET,1,
TRINITY INDUSTRIES INC TRN,TRN,1,
TRINSEO SA TSE,TSE,1,
TRIPADVISOR INC TRIP,TRIP,1,
TRIPLE-S MANAGEMENT COR GTS,GTS,1,
TRISTATE CAP HLDGS INC TSC,TSC,1,
TRIUMPH BANCORP INC TBK,TBK,1,
TRIUMPH GROUP INC TGI,TGI,1,
TRONOX LTD TROX,TROX,1,
TROVAGENE INC TROV,TROV,1,
TRUEBLUE INC TBI,TBI,1,
TRUECAR INC TRUE,TRUE,1,
TRUPANION INC TRUP,TRUP,1,
TRUSTCO BANK CORP NY TRST,TRST,1,
TRUSTMARK CORP TRMK,TRMK,1,
TTM TECHNOLOGIES INC TTMI,TTMI,1,
TUBEMOGUL INC TUBE,TUBE,1,
TUESDAY MORNING CORP TUES,TUES,1,
TUMI HLDGS INC TUMI,TUMI,1,
TUPPERWARE BRANDS CORP TUP,TUP,1,
TUTOR PERINI CORP TPC,TPC,1,
TWIN DISC INC TWIN,TWIN,1,
TWITTER INC TWTR,TWTR,1,
TWO HBRS INVT CORP TWO,TWO,1,
TYCO INTERNATIONAL PLC TYC,TYC,1,
TYLER TECHNOLOGIES INC TYL,TYL,1,
TYSON FOODS INC TSN,TSN,1,
U S CONCRETE INC USCR,USCR,1,
U S G CORP USG,USG,1,
U S PHYSICAL THERAPY IN USPH,USPH,1,
U S SILICA HLDGS INC SLCA,SLCA,1,
UBIQUITI NETWORKS INC UBNT,UBNT,1,
UDR INC UDR,UDR,1,
UGI CORP UGI,UGI,1,
UIL HOLDINGS CORP UIL,UIL,0,acquired
ULTA SALON COSMETICS ULTA,ULTA,1,
ULTIMATE SOFTWARE GROUP ULTI,ULTI,1,
ULTRA CLEAN HOLDINGS IN UCTT,UCTT,1,
ULTRA PETROLEUM CORP UPL,UPL,1,
ULTRAGENYX PHARMA RARE,RARE,1,
ULTRAPETROL BAHAMAS LTD ULTR,ULTR,1,
ULTRATECH INC UTEK,UTEK,1,
UMB FINANCIAL CORP UMBF,UMBF,1,
UMH PROPERTIES INC UMH,UMH,1,
UMPQUA HOLDINGS CORP UMPQ,UMPQ,1,
UNDER ARMOUR INC UA,UA,1,
UNIFI INC UFI,UFI,1,
UNIFIRST CORP MASS UNF,UNF,1,
UNILIFE CORP UNIS,UNIS,1,
UNION BANKSHARES CORP UBSH,UBSH,1,
UNION PACIFIC CORP UNP,UNP,1,
UNISYS CORP UIS,UIS,1,
UNIT CORP UNT,UNT,1,
UNITED BANKSHARES INC UBSI,UBSI,1,
UNITED CMNTY FINL CO UCFC,UCFC,1,
UNITED COMMUNITY BANKS UCBI,UCBI,1,
UNITED CONTINENTAL HLDG UAL,UAL,1,
UNITED DEV FDG IV UDF,UDF,1,
UNITED FINANCIAL BANCOR UBNK,UBNK,1,
UNITED FIRE GROUP INC UFCS,UFCS,1,
UNITED INS HLDGS CORP UIHC,UIHC,1,
UNITED NATURAL FOODS IN UNFI,UNFI,1,
UNITED ONLINE INC UNTD,UNTD,1,
UNITED PARCEL SERVICE UPS,UPS,1,
UNITED RENTALS INC URI,URI,1,
UNITED STATES CELLULAR USM,USM,1,
UNITED STATES LIME & MI USLM,USLM,1,
UNITED STATES STEEL COR X,X,1,
UNITED TECHNOLOGIES UTX,UTX,1,
UNITED THERAPEUTICS UTHR,UTHR,1,
UNITEDHEALTH GROUP INC UNH,UNH,1,
UNITIL CORP UTL,UTL,1,
UNIVERSAL AMERICAN CORP UAM,UAM,1,
UNIVERSAL CORP UVV,UVV,1,
UNIVERSAL DISPLAY CORP OLED,OLED,1,
UNIVERSAL ELECTRONICS UEIC,UEIC,1,
UNIVERSAL FOREST PRODS UFPI,UFPI,1,
UNIVERSAL HEALTH REALTY UHT,UHT,1,
UNIVERSAL HEALTH SVCS UHS,UHS,1,
UNIVERSAL INSURANCE UVE,UVE,1,
UNIVERSAL TECHNICAL INS UTI,UTI,1,
UNIVERSAL TRUCKLOAD SVC UACL,UACL,1,
UNIVEST CORP OF PENN UVSP,UVSP,1,
UNUM GROUP UNM,UNM,1,
URANIUM ENERGY CORP UEC,UEC,1,
URBAN EDGE PROPERTIES UE,UE,1,
URBAN OUTFITTERS INC URBN,URBN,1,
URSTADT BIDDLE PPTYS IN UBA,UBA,1,
US BANCORP USB,USB,1,
US ECOLOGY INC ECOL,ECOL,1,
USA TRUCK INC USAK,USAK,1,
USANA HEALTH SCIENCES USNA,USNA,1,
UTAH MED PRODS INC UTMD,UTMD,1,
UTI WORLDWIDE INC UTIW,UTIW,0,acquired
V F CORP VFC,VFC,1,
VAIL RESORTS INC MTN,MTN,1,
VALERO ENERGY CORP VLO,VLO,1,
VALHI INC VHI,VHI,1,
VALIDUS HOLDINGS LTD VR,VR,1,
VALLEY NATIONAL BANCORP VLY,VLY,1,
VALMONT INDUSTRIES INC VMI,VMI,1,
VALSPAR CORP VAL,VAL,1,
VANDA PHARMACEUTICALS VNDA,VNDA,1,
VANTIV INC VNTV,VNTV,1,
VARIAN MEDICAL SYSTEMS VAR,VAR,1,
VARONIS SYSTEMS INC VRNS,VRNS,1,
VASCO DATA SECURITY INT VDSI,VDSI,1,
VASCULAR SOLUTIONS INC VASC,VASC,1,
VCA INC WOOF,WOOF,1,
VECTOR GROUP LTD VGR,VGR,1,
VECTREN CORP VVC,VVC,1,
VECTRUS INC VEC,VEC,1,
VEECO INSTRUMENTS INC VECO,VECO,1,
VEEVA SYSTEMS INC VEEV,VEEV,1,
VENTAS INC VTR,VTR,1,
VERA BRADLEY INC VRA,VRA,1,
VERACYTE INC VCYT,VCYT,1,
VERASTEM INC VSTM,VSTM,1,
VERIFONE SYSTEMS INC PAY,PAY,1,
VERINT SYS INC VRNT,VRNT,1,
VERISIGN INC VRSN,VRSN,1,
VERISK ANALYTICS INC VRSK,VRSK,1,
VERITIV CORPORATION VRTV,VRTV,1,
VERIZON COMMUNICATIONS VZ,VZ,1,
VERSARTIS INC VSAR,VSAR,1,
VERTEX PHARMACEUTICALS VRTX,VRTX,1,
VIACOM INC CL A VIA,VIA,1,
VIACOM INC CL B VIAB,VIAB,1,
VIAD CORP VVI,VVI,1,
VIASAT INC VSAT,VSAT,1,
VICOR CORP VICR,VICR,1,
VILLAGE SUPER MARKET IN VLGEA,VLGEA,1,
VINCE HOLDING CORP VNCE,VNCE,1,
VIOLIN MEMORY INC VMEM,VMEM,1,
VIRGIN AMERICA INC VA,VA,1,
VIRNETX HOLDING CORP VHC,VHC,1,
VIRTU FINL INC VIRT,VIRT,1,
VIRTUS INVESTMENT PTNRS VRTS,VRTS,1,
VIRTUSA CORP VRTU,VRTU,1,
VISA INC V,V,1,
VISHAY INTERTECHNOLOGY VSH,VSH,1,
VISHAY PRECISION GROUP VPG,VPG,1,
VISTA OUTDOOR INC VSTO,VSTO,1,
VISTEON CORP VC,VC,1,
VITAE PHARMACEUTICALS VTAE,VTAE,1,
VITAL THERAPIES INC VTL,VTL,1,
VITAMIN SHOPPE INC VSI,VSI,1,
VIVINT SOLAR INC VSLR,VSLR,1,
VIVUS INC VVUS,VVUS,1,
VMWARE INC VMW,VMW,1,
VOCERA COMMUNICATIONS VCRA,VCRA,1,
VOLT INFORMATION SCIENC VISI,VISI,1,
VONAGE HLDGS CORP VG,VG,1,
VORNADO REALTY TRUST VNO,VNO,1,
VOXX INTERNATIONAL CORP VOXX,VOXX,1,
VOYA FINANCIAL INC VOYA,VOYA,1,
VSE CORP VSEC,VSEC,1,
VULCAN MATERIALS CO VMC,VMC,1,
VWR CORPORATION VWR,VWR,1,
W P CAREY INC WPC,WPC,1,
W&T OFFSHORE INC WTI,WTI,1,
WABASH NATIONAL CORP WNC,WNC,1,
WABCO HOLDINGS INC WBC,WBC,1,
WABTEC CORP WAB,WAB,1,
WADDELL & REED FINANCIA WDR,WDR,1,
WAGEWORKS INC WAGE,WAGE,1,
WAL MART STORES INC WMT,WMT,1,
WALGREENS BOOTS ALLIANC WBA,WBA,1,
WALKER & DUNLOP INC WD,WD,1,
WALTER INV MGMT CORP WAC,WAC,1,
WASHINGTON FED INC WAFD,WAFD,1,
WASHINGTON REAL ESTATE WRE,WRE,1,
WASHINGTON TRUST BANCOR WASH,WASH,1,
WASTE CONNECTIONS INC WCN,WCN,1,
WASTE MGMT INC WM,WM,1,
WATERS CORP WAT,WAT,1,
WATERSTONE FINANCIAL IN WSBF,WSBF,1,
WATSCO INC WSO,WSO,1,
WATTS WATER TECH INC WTS,WTS,1,
WAUSAU PAPER CORP WPP,WPPGY,1,ticker change
WAYFAIR INC W,W,1,
WCI COMMUNITIES INC WCIC,WCIC,1,
WD-40 CO WDFC,WDFC,1,
WEATHERFORD INTL PLC WFT,WFT,1,
WEB.COM GROUP INC WWWW,WEB,1,renamed
WEBMD HEALTH CORP WBMD,WBMD,1,
WEBSTER FINANCIAL CORP WBS,WBS,1,
WEIGHT WATCHERS INTL IN WTW,WTW,1,
WEINGARTEN RLTY INVS WRI,WRI,1,
WEIS MARKETS INC WMK,WMK,1,
WELLCARE GROUP INC WCG,WCG,1,
WELLS FARGO & CO WFC,WFC,1,
WERNER ENTERPRISES INC WERN,WERN,1,
WESBANCO INC WSBC,WSBC,1,
WESCO AIRCRAFT HLDGS IN WAIR,WAIR,1,
WESCO INTERNATIONAL INC WCC,WCC,1,
WEST BANCORPORATION INC WTBA,WTBA,1,
WEST CORP WSTC,WSTC,1,
WEST MARINE INC WMAR,WMAR,1,
WEST PHARMACEUTICAL SVC WST,WST,1,
WESTAMERICA BANCORP WABC,WABC,1,
WESTAR ENERGY INC WR,WR,1,
WESTERN ALLIANCE BANCOR WAL,WAL,1,
WESTERN ASSET MTG CAP WMC,WMC,1,
WESTERN DIGITAL CORP WDC,WDC,1,
WESTERN REFINING INC WNR,WNR,1,
WESTERN UNION CO WU,WU,1,
WESTLAKE CHEMICAL CORP WLK,WLK,1,
WESTMORELAND COAL CO WLB,WLB,1,
WESTWOOD HOLDINGS GROUP WHG,WHG,1,
WEX INC WEX,WEX,1,
WEYCO GROUP INC WEYS,WEYS,1,
WEYERHAEUSER CO WY,WY,1,
WGL HOLDINGS INC WGL,WGL,1,
WHIRLPOOL CORP WHR,WHR,1,
WHITE MTNS INS GROUP LT WTM,WTM,1,
WHITESTONE REIT WSR,WSR,1,
WHITEWAVE FOODS COMPANY WWAV,WWAV,1,
WHITING PETROLEUM CORP WLL,WLL,1,
WHOLE FOODS MARKET INC WFM,WFM,1,
WILEY JOHN & SONS INC JW.A,JW-A,1,
WILLIAM LYON HOMES WLH,WLH,1,
WILLIAMS CLAYTON ENERGY CWEI,CWEI,1,
WILLIAMS COMPANIES INC WMB,WMB,1,
WILLIAMS SONOMA INC WSM,WSM,1,
WILSHIRE BANCORP INC WIBC,WIBC,1,
WINDSTREAM HOLDINGS INC WIN,WIN,1,
WINMARK CORP WINA,WINA,1,
WINNEBAGO INDUSTRIES IN WGO,WGO,1,
WINTRUST FINANCIAL CORP WTFC,WTFC,1,
WISCONSIN ENERGY CORP WEC,WEC,1,
WISDOMTREE INVTS INC WETF,WETF,1,
WIX LTD WIX,WIX,1,
WOLVERINE WORLD WIDE WWW,WWW,1,
WOODWARD INC WWD,WWD,1,
WORKDAY INC WDAY,WDAY,1,
WORKIVA INC WK,WK,1,
WORLD ACCEPTANCE CORP WRLD,WRLD,1,
WORLD FUEL SVCS CORP INT,INT,1,
WORLD WRESTLING ENTMNT WWE,WWE,1,
WORTHINGTON INDUSTRIES WOR,WOR,1,
WP GLIMCHER INC WPG,WPG,1,
WPX ENERGY INC WPX,WPX,1,
WRIGHT MEDICAL GROUP IN WMGI,WMGI,1,
WSFS FINANCIAL CORP WSFS,WSFS,1,
WYNDHAM WORLDWIDE CORP WYN,WYN,1,
WYNN RESORTS LTD WYNN,WYNN,1,
XBIOTECH INC XBIT,XBIT,1,
XCEL ENERGY INC XEL,XEL,1,
XCERRA CORPORATION XCRA,XCRA,1,
XENCOR INC XNCR,XNCR,1,
XENIA HOTELS & RESORTS XHR,XHR,1,
XENOPORT INC XNPT,XNPT,1,
XERIUM TECHNOLOGIES INC XRM,XRM,1,
XEROX CORP XRX,XRX,1,
XILINX INC XLNX,XLNX,1,
XL GROUP PLC XL,XL,1,
XO GROUP INC XOXO,XOXO,1,
XOMA CORPORATION XOMA,XOMA,1,
XOOM CORPORATION XOOM,XOOM,0,acquired
XPO LOGISTICS INC XPO,XPO,1,
XYLEM INC XYL,XYL,1,
YADKIN FINANCIAL CORP YDKN,YDKN,1,
YAHOO INC YHOO,YHOO,1,
YELP INC YELP,YELP,1,
YODLEE INC YDLE,YDLE,0,acquired
YORK WATER COMPANY YORW,YORW,1,
YRC WORLDWIDE INC YRCW,YRCW,1,
YUM! BRANDS INC YUM,YUM,1,
ZAFGEN INC ZFGN,ZFGN,1,
ZAGG INC ZAGG,ZAGG,1,
ZAIS GROUP HLDGS INC ZAIS,ZAIS,1,
ZAYO GROUP HOLDINGS INC ZAYO,ZAYO,1,
ZEBRA TECHNOLOGIES CORP ZBRA,ZBRA,1,
ZELTIQ AESTHETICS INC ZLTQ,ZLTQ,1,
ZENDESK INC ZEN,ZEN,1,
ZILLOW GROUP INC Z,ZG,1,renamed
ZIMMER HOLDINGS INC ZMH,ZBH,1,renamed
ZIONS BANCORPORATION ZION,ZION,1,
ZIOPHARM ONCOLOGY INC ZIOP,ZIOP,1,
ZIX CORP ZIXI,ZIXI,1,
ZOES KITCHEN INC ZOES,ZOES,1,
ZOETIS INC ZTS,ZTS,1,
ZOGENIX INC ZGNX,ZGNX,1,
ZS PHARMA INC ZSPH,ZSPH,0,acquired
ZULILY INC ZU,ZU,0,acquired
ZUMIEZ INC ZUMZ,ZUMZ,1,
ZYNGA INC ZNGA,ZNGA,1,